Time(s),Signal_MLII,Label
1.025,0.875,0
1.028,0.94,0
1.031,0.905,0
1.033,0.755,0
1.036,0.49,0
1.039,0.165,0
1.042,-0.11,0
1.044,-0.27,0
1.047,-0.39,0
1.05,-0.45,0
1.053,-0.475,0
1.056,-0.455,0
1.058,-0.425,0
1.061,-0.39,0
1.064,-0.39,0
1.067,-0.385,0
1.069,-0.39,0
1.072,-0.38,0
1.075,-0.38,0
1.078,-0.38,0
1.081,-0.395,0
1.083,-0.385,0
1.086,-0.385,0
1.089,-0.385,0
1.092,-0.375,0
1.094,-0.395,0
1.097,-0.41,0
1.1,-0.41,0
1.103,-0.4,0
1.106,-0.395,0
1.108,-0.39,0
1.111,-0.405,0
1.114,-0.395,0
1.117,-0.385,0
1.119,-0.375,0
1.122,-0.39,0
1.125,-0.39,0
1.128,-0.405,0
1.131,-0.41,0
1.133,-0.41,0
1.136,-0.39,0
1.139,-0.39,0
1.142,-0.395,0
1.144,-0.405,0
1.147,-0.415,0
1.15,-0.4,0
1.153,-0.41,0
1.156,-0.405,0
1.158,-0.41,0
1.161,-0.415,0
1.164,-0.41,0
1.167,-0.4,0
1.169,-0.4,0
1.172,-0.395,0
1.175,-0.39,0
1.178,-0.405,0
1.181,-0.41,0
1.183,-0.39,0
1.186,-0.39,0
1.189,-0.385,0
1.192,-0.385,0
1.194,-0.41,0
1.197,-0.405,0
1.2,-0.395,0
1.203,-0.39,0
1.206,-0.375,0
1.208,-0.39,0
1.211,-0.395,0
1.214,-0.41,0
1.217,-0.4,0
1.219,-0.39,0
1.222,-0.39,0
1.225,-0.385,0
1.228,-0.405,0
1.231,-0.415,0
1.233,-0.415,0
1.236,-0.4,0
1.239,-0.395,0
1.242,-0.405,0
1.244,-0.415,0
1.247,-0.42,0
1.25,-0.42,0
1.253,-0.41,0
1.256,-0.415,0
1.258,-0.425,0
1.261,-0.42,0
1.264,-0.435,0
1.267,-0.43,0
1.269,-0.43,0
1.272,-0.42,0
1.275,-0.43,0
1.278,-0.45,0
1.281,-0.455,0
1.283,-0.45,0
1.286,-0.435,0
1.289,-0.445,0
1.292,-0.45,0
1.294,-0.455,0
1.297,-0.47,0
1.3,-0.46,0
1.303,-0.455,0
1.306,-0.45,0
1.308,-0.455,0
1.311,-0.47,0
1.314,-0.475,0
1.317,-0.46,0
1.319,-0.45,0
1.322,-0.445,0
1.325,-0.44,0
1.328,-0.435,0
1.331,-0.44,0
1.333,-0.41,0
1.336,-0.395,0
1.339,-0.37,0
1.342,-0.365,0
1.344,-0.36,0
1.347,-0.365,0
1.35,-0.34,0
1.353,-0.325,0
1.356,-0.315,0
1.358,-0.32,0
1.361,-0.33,0
1.364,-0.33,0
1.367,-0.32,0
1.369,-0.31,0
1.372,-0.3,0
1.375,-0.3,0
1.378,-0.32,0
1.381,-0.32,0
1.383,-0.315,0
1.386,-0.305,0
1.389,-0.305,0
1.392,-0.295,0
1.394,-0.32,0
1.397,-0.33,0
1.4,-0.305,0
1.403,-0.31,0
1.406,-0.3,0
1.408,-0.3,0
1.411,-0.32,0
1.414,-0.325,0
1.417,-0.31,0
1.419,-0.305,0
1.422,-0.315,0
1.425,-0.305,0
1.428,-0.315,0
1.431,-0.315,0
1.433,-0.31,0
1.436,-0.295,0
1.439,-0.29,0
1.442,-0.305,0
1.444,-0.31,0
1.447,-0.32,0
1.45,-0.315,0
1.453,-0.3,0
1.456,-0.315,0
1.458,-0.315,0
1.461,-0.315,0
1.464,-0.33,0
1.467,-0.315,0
1.469,-0.32,0
1.472,-0.315,0
1.475,-0.325,0
1.478,-0.335,0
1.481,-0.34,0
1.483,-0.335,0
1.486,-0.335,0
1.489,-0.33,0
1.492,-0.325,0
1.494,-0.345,0
1.497,-0.35,0
1.5,-0.345,0
1.503,-0.335,0
1.506,-0.33,0
1.508,-0.33,0
1.511,-0.345,0
1.514,-0.345,0
1.517,-0.345,0
1.519,-0.32,0
1.522,-0.33,0
1.525,-0.335,0
1.528,-0.34,0
1.531,-0.355,0
1.533,-0.335,0
1.536,-0.33,0
1.539,-0.33,0
1.542,-0.335,0
1.544,-0.355,0
1.547,-0.36,0
1.55,-0.355,0
1.553,-0.35,0
1.556,-0.34,0
1.558,-0.345,0
1.561,-0.345,0
1.564,-0.345,0
1.567,-0.345,0
1.569,-0.33,0
1.572,-0.33,0
1.575,-0.335,0
1.578,-0.345,0
1.581,-0.35,0
1.583,-0.35,0
1.586,-0.34,0
1.589,-0.33,0
1.592,-0.345,0
1.594,-0.345,0
1.597,-0.355,0
1.6,-0.35,0
1.603,-0.34,0
1.606,-0.33,0
1.608,-0.34,0
1.611,-0.34,0
1.614,-0.34,0
1.617,-0.33,0
1.619,-0.335,0
1.622,-0.33,0
1.625,-0.335,0
1.628,-0.345,0
1.631,-0.345,0
1.633,-0.34,0
1.636,-0.33,0
1.639,-0.315,0
1.642,-0.295,0
1.644,-0.3,0
1.647,-0.295,0
1.65,-0.285,0
1.653,-0.275,0
1.656,-0.265,0
1.658,-0.265,0
1.661,-0.265,0
1.664,-0.255,0
1.667,-0.25,0
1.669,-0.24,0
1.672,-0.225,0
1.675,-0.215,0
1.678,-0.24,0
1.681,-0.245,0
1.683,-0.24,0
1.686,-0.245,0
1.689,-0.235,0
1.692,-0.245,0
1.694,-0.25,0
1.697,-0.275,0
1.7,-0.275,0
1.703,-0.265,0
1.706,-0.25,0
1.708,-0.225,0
1.711,-0.22,0
1.714,-0.23,0
1.717,-0.265,0
1.719,-0.27,0
1.722,-0.28,0
1.725,-0.285,0
1.728,-0.305,0
1.731,-0.32,0
1.733,-0.34,0
1.736,-0.33,0
1.739,-0.335,0
1.742,-0.335,0
1.744,-0.355,0
1.747,-0.37,0
1.75,-0.36,0
1.753,-0.345,0
1.756,-0.35,0
1.758,-0.355,0
1.761,-0.365,0
1.764,-0.375,0
1.767,-0.38,0
1.769,-0.37,0
1.772,-0.365,0
1.775,-0.365,0
1.778,-0.38,0
1.781,-0.385,0
1.783,-0.38,0
1.786,-0.375,0
1.789,-0.355,0
1.792,-0.37,0
1.794,-0.39,0
1.797,-0.405,0
1.8,-0.41,0
1.803,-0.435,0
1.806,-0.465,0
1.808,-0.49,0
1.811,-0.52,0
1.814,-0.555,0
1.817,-0.57,0
1.819,-0.525,0
1.822,-0.405,0
1.825,-0.25,0
1.828,-0.09,0
1.831,0.12,0
1.833,0.41,0
1.836,0.69,0
1.839,0.885,0
1.842,0.96,0
1.844,0.85,0
1.847,0.52,0
1.85,0.05,0
1.853,-0.32,0
1.856,-0.5,0
1.858,-0.505,0
1.861,-0.445,0
1.864,-0.415,0
1.867,-0.395,0
1.869,-0.39,0
1.872,-0.395,0
1.875,-0.39,0
1.878,-0.395,0
1.881,-0.405,0
1.883,-0.395,0
1.886,-0.405,0
1.889,-0.39,0
1.892,-0.395,0
1.894,-0.395,0
1.897,-0.41,0
1.9,-0.405,0
1.903,-0.4,0
1.906,-0.4,0
1.908,-0.415,0
1.911,-0.405,0
1.914,-0.42,0
1.917,-0.415,0
1.919,-0.405,0
1.922,-0.405,0
1.925,-0.42,0
1.928,-0.42,0
1.931,-0.435,0
1.933,-0.42,0
1.936,-0.41,0
1.939,-0.41,0
1.942,-0.405,0
1.944,-0.425,0
1.947,-0.43,0
1.95,-0.42,0
1.953,-0.415,0
1.956,-0.41,0
1.958,-0.41,0
1.961,-0.425,0
1.964,-0.42,0
1.967,-0.4,0
1.969,-0.395,0
1.972,-0.4,0
1.975,-0.4,0
1.978,-0.395,0
1.981,-0.415,0
1.983,-0.405,0
1.986,-0.39,0
1.989,-0.4,0
1.992,-0.4,0
1.994,-0.415,0
1.997,-0.425,0
2,-0.425,0
2.003,-0.415,0
2.006,-0.415,0
2.008,-0.41,0
2.011,-0.425,0
2.014,-0.425,0
2.017,-0.42,0
2.019,-0.415,0
2.022,-0.4,0
2.025,-0.4,0
2.028,-0.41,0
2.031,-0.425,0
2.033,-0.41,0
2.036,-0.405,0
2.039,-0.395,0
2.042,-0.4,0
2.044,-0.4,0
2.047,-0.405,0
2.05,-0.385,0
2.053,-0.4,0
2.056,-0.39,0
2.058,-0.39,0
2.061,-0.4,0
2.064,-0.415,0
2.067,-0.405,0
2.069,-0.405,0
2.072,-0.41,0
2.075,-0.415,0
2.078,-0.42,0
2.081,-0.42,0
2.083,-0.425,0
2.086,-0.415,0
2.089,-0.415,0
2.092,-0.41,0
2.094,-0.435,0
2.097,-0.43,0
2.1,-0.435,0
2.103,-0.42,0
2.106,-0.42,0
2.108,-0.42,0
2.111,-0.42,0
2.114,-0.425,0
2.117,-0.425,0
2.119,-0.415,0
2.122,-0.395,0
2.125,-0.395,0
2.128,-0.39,0
2.131,-0.375,0
2.133,-0.36,0
2.136,-0.34,0
2.139,-0.335,0
2.142,-0.33,0
2.144,-0.335,0
2.147,-0.335,0
2.15,-0.325,0
2.153,-0.32,0
2.156,-0.305,0
2.158,-0.305,0
2.161,-0.315,0
2.164,-0.31,0
2.167,-0.305,0
2.169,-0.3,0
2.172,-0.3,0
2.175,-0.3,0
2.178,-0.31,0
2.181,-0.31,0
2.183,-0.31,0
2.186,-0.315,0
2.189,-0.3,0
2.192,-0.305,0
2.194,-0.315,0
2.197,-0.32,0
2.2,-0.325,0
2.203,-0.31,0
2.206,-0.305,0
2.208,-0.305,0
2.211,-0.32,0
2.214,-0.325,0
2.217,-0.305,0
2.219,-0.31,0
2.222,-0.295,0
2.225,-0.31,0
2.228,-0.325,0
2.231,-0.33,0
2.233,-0.32,0
2.236,-0.32,0
2.239,-0.32,0
2.242,-0.325,0
2.244,-0.35,0
2.247,-0.35,0
2.25,-0.34,0
2.253,-0.335,0
2.256,-0.33,0
2.258,-0.335,0
2.261,-0.34,0
2.264,-0.36,0
2.267,-0.35,0
2.269,-0.35,0
2.272,-0.355,0
2.275,-0.36,0
2.278,-0.355,0
2.281,-0.365,0
2.283,-0.355,0
2.286,-0.35,0
2.289,-0.34,0
2.292,-0.355,0
2.294,-0.35,0
2.297,-0.365,0
2.3,-0.365,0
2.303,-0.35,0
2.306,-0.355,0
2.308,-0.35,0
2.311,-0.37,0
2.314,-0.38,0
2.317,-0.37,0
2.319,-0.36,0
2.322,-0.365,0
2.325,-0.36,0
2.328,-0.365,0
2.331,-0.38,0
2.333,-0.37,0
2.336,-0.365,0
2.339,-0.35,0
2.342,-0.35,0
2.344,-0.35,0
2.347,-0.37,0
2.35,-0.365,0
2.353,-0.345,0
2.356,-0.345,0
2.358,-0.34,0
2.361,-0.355,0
2.364,-0.365,0
2.367,-0.36,0
2.369,-0.355,0
2.372,-0.355,0
2.375,-0.355,0
2.378,-0.375,0
2.381,-0.385,0
2.383,-0.355,0
2.386,-0.36,0
2.389,-0.355,0
2.392,-0.36,0
2.394,-0.36,0
2.397,-0.37,0
2.4,-0.36,0
2.403,-0.345,0
2.406,-0.355,0
2.408,-0.345,0
2.411,-0.345,0
2.414,-0.345,0
2.417,-0.34,0
2.419,-0.31,0
2.422,-0.305,0
2.425,-0.305,0
2.428,-0.31,0
2.431,-0.305,0
2.433,-0.29,0
2.436,-0.285,0
2.439,-0.275,0
2.442,-0.28,0
2.444,-0.28,0
2.447,-0.275,0
2.45,-0.265,0
2.453,-0.255,0
2.456,-0.245,0
2.458,-0.26,0
2.461,-0.265,0
2.464,-0.275,0
2.467,-0.28,0
2.469,-0.265,0
2.472,-0.27,0
2.475,-0.275,0
2.478,-0.28,0
2.481,-0.275,0
2.483,-0.28,0
2.486,-0.275,0
2.489,-0.265,0
2.492,-0.255,0
2.494,-0.24,0
2.497,-0.26,0
2.5,-0.28,0
2.503,-0.31,0
2.506,-0.31,0
2.508,-0.345,0
2.511,-0.36,0
2.514,-0.38,0
2.517,-0.385,0
2.519,-0.38,0
2.522,-0.37,0
2.525,-0.375,0
2.528,-0.385,0
2.531,-0.39,0
2.533,-0.395,0
2.536,-0.385,0
2.539,-0.385,0
2.542,-0.385,0
2.544,-0.395,0
2.547,-0.405,0
2.55,-0.4,0
2.553,-0.375,0
2.556,-0.375,0
2.558,-0.39,0
2.561,-0.395,0
2.564,-0.415,0
2.567,-0.405,0
2.569,-0.4,0
2.572,-0.39,0
2.575,-0.405,0
2.578,-0.425,0
2.581,-0.46,0
2.583,-0.475,0
2.586,-0.505,0
2.589,-0.51,0
2.592,-0.525,0
2.594,-0.54,0
2.597,-0.6,0
2.6,-0.645,0
2.603,-0.63,0
2.606,-0.575,0
2.608,-0.495,0
2.611,-0.385,0
2.614,-0.27,0
2.617,-0.115,0
2.619,0.09,0
2.622,0.37,0
2.625,0.635,0
2.628,0.81,0
2.631,0.86,0
2.633,0.77,0
2.636,0.475,0
2.639,0.065,0
2.642,-0.305,0
2.644,-0.5,0
2.647,-0.52,0
2.65,-0.475,0
2.653,-0.41,0
2.656,-0.39,0
2.658,-0.39,0
2.661,-0.4,0
2.664,-0.41,0
2.667,-0.405,0
2.669,-0.385,0
2.672,-0.39,0
2.675,-0.395,0
2.678,-0.405,0
2.681,-0.41,0
2.683,-0.405,0
2.686,-0.4,0
2.689,-0.39,0
2.692,-0.395,0
2.694,-0.41,0
2.697,-0.415,0
2.7,-0.41,0
2.703,-0.395,0
2.706,-0.405,0
2.708,-0.41,0
2.711,-0.405,0
2.714,-0.405,0
2.717,-0.41,0
2.719,-0.39,0
2.722,-0.385,0
2.725,-0.39,0
2.728,-0.395,0
2.731,-0.4,0
2.733,-0.4,0
2.736,-0.4,0
2.739,-0.395,0
2.742,-0.395,0
2.744,-0.405,0
2.747,-0.405,0
2.75,-0.4,0
2.753,-0.395,0
2.756,-0.385,0
2.758,-0.375,0
2.761,-0.385,0
2.764,-0.395,0
2.767,-0.39,0
2.769,-0.385,0
2.772,-0.375,0
2.775,-0.385,0
2.778,-0.395,0
2.781,-0.395,0
2.783,-0.385,0
2.786,-0.375,0
2.789,-0.375,0
2.792,-0.385,0
2.794,-0.395,0
2.797,-0.39,0
2.8,-0.39,0
2.803,-0.365,0
2.806,-0.375,0
2.808,-0.385,0
2.811,-0.395,0
2.814,-0.38,0
2.817,-0.385,0
2.819,-0.375,0
2.822,-0.38,0
2.825,-0.39,0
2.828,-0.38,0
2.831,-0.375,0
2.833,-0.375,0
2.836,-0.375,0
2.839,-0.375,0
2.842,-0.38,0
2.844,-0.39,0
2.847,-0.39,0
2.85,-0.365,0
2.853,-0.37,0
2.856,-0.375,0
2.858,-0.385,0
2.861,-0.39,0
2.864,-0.39,0
2.867,-0.375,0
2.869,-0.365,0
2.872,-0.385,0
2.875,-0.38,0
2.878,-0.39,0
2.881,-0.375,0
2.883,-0.375,0
2.886,-0.365,0
2.889,-0.37,0
2.892,-0.385,0
2.894,-0.395,0
2.897,-0.385,0
2.9,-0.385,0
2.903,-0.37,0
2.906,-0.365,0
2.908,-0.37,0
2.911,-0.375,0
2.914,-0.35,0
2.917,-0.335,0
2.919,-0.32,0
2.922,-0.315,0
2.925,-0.32,0
2.928,-0.325,0
2.931,-0.315,0
2.933,-0.295,0
2.936,-0.285,0
2.939,-0.3,0
2.942,-0.295,0
2.944,-0.285,0
2.947,-0.285,0
2.95,-0.28,0
2.953,-0.27,0
2.956,-0.28,0
2.958,-0.29,0
2.961,-0.295,0
2.964,-0.295,0
2.967,-0.29,0
2.969,-0.28,0
2.972,-0.29,0
2.975,-0.295,0
2.978,-0.31,0
2.981,-0.295,0
2.983,-0.285,0
2.986,-0.28,0
2.989,-0.275,0
2.992,-0.295,0
2.994,-0.305,0
2.997,-0.3,0
3,-0.295,0
3.003,-0.295,0
3.006,-0.285,0
3.008,-0.3,0
3.011,-0.305,0
3.014,-0.3,0
3.017,-0.295,0
3.019,-0.3,0
3.022,-0.305,0
3.025,-0.315,0
3.028,-0.31,0
3.031,-0.315,0
3.033,-0.295,0
3.036,-0.3,0
3.039,-0.31,0
3.042,-0.33,0
3.044,-0.34,0
3.047,-0.33,0
3.05,-0.32,0
3.053,-0.32,0
3.056,-0.315,0
3.058,-0.325,0
3.061,-0.335,0
3.064,-0.33,0
3.067,-0.315,0
3.069,-0.32,0
3.072,-0.32,0
3.075,-0.33,0
3.078,-0.345,0
3.081,-0.34,0
3.083,-0.335,0
3.086,-0.33,0
3.089,-0.335,0
3.092,-0.345,0
3.094,-0.35,0
3.097,-0.345,0
3.1,-0.34,0
3.103,-0.335,0
3.106,-0.335,0
3.108,-0.33,0
3.111,-0.335,0
3.114,-0.34,0
3.117,-0.335,0
3.119,-0.32,0
3.122,-0.34,0
3.125,-0.34,0
3.128,-0.35,0
3.131,-0.365,0
3.133,-0.36,0
3.136,-0.345,0
3.139,-0.345,0
3.142,-0.35,0
3.144,-0.35,0
3.147,-0.35,0
3.15,-0.34,0
3.153,-0.34,0
3.156,-0.345,0
3.158,-0.345,0
3.161,-0.38,0
3.164,-0.36,0
3.167,-0.36,0
3.169,-0.345,0
3.172,-0.345,0
3.175,-0.35,0
3.178,-0.355,0
3.181,-0.345,0
3.183,-0.33,0
3.186,-0.33,0
3.189,-0.335,0
3.192,-0.335,0
3.194,-0.34,0
3.197,-0.33,0
3.2,-0.32,0
3.203,-0.29,0
3.206,-0.29,0
3.208,-0.3,0
3.211,-0.305,0
3.214,-0.285,0
3.217,-0.28,0
3.219,-0.275,0
3.222,-0.28,0
3.225,-0.275,0
3.228,-0.27,0
3.231,-0.265,0
3.233,-0.25,0
3.236,-0.23,0
3.239,-0.245,0
3.242,-0.24,0
3.244,-0.255,0
3.247,-0.255,0
3.25,-0.245,0
3.253,-0.235,0
3.256,-0.255,0
3.258,-0.265,0
3.261,-0.26,0
3.264,-0.255,0
3.267,-0.27,0
3.269,-0.265,0
3.272,-0.28,0
3.275,-0.255,0
3.278,-0.25,0
3.281,-0.245,0
3.283,-0.265,0
3.286,-0.28,0
3.289,-0.3,0
3.292,-0.315,0
3.294,-0.325,0
3.297,-0.335,0
3.3,-0.345,0
3.303,-0.33,0
3.306,-0.335,0
3.308,-0.345,0
3.311,-0.36,0
3.314,-0.35,0
3.317,-0.34,0
3.319,-0.335,0
3.322,-0.345,0
3.325,-0.36,0
3.328,-0.365,0
3.331,-0.375,0
3.333,-0.37,0
3.336,-0.365,0
3.339,-0.365,0
3.342,-0.38,0
3.344,-0.375,0
3.347,-0.375,0
3.35,-0.365,0
3.353,-0.37,0
3.356,-0.36,0
3.358,-0.37,0
3.361,-0.38,0
3.364,-0.365,0
3.367,-0.36,0
3.369,-0.35,0
3.372,-0.355,0
3.375,-0.37,0
3.378,-0.385,0
3.381,-0.395,0
3.383,-0.43,0
3.386,-0.445,0
3.389,-0.485,0
3.392,-0.515,0
3.394,-0.565,0
3.397,-0.555,0
3.4,-0.475,0
3.403,-0.355,0
3.406,-0.22,0
3.408,-0.055,0
3.411,0.185,0
3.414,0.475,0
3.417,0.705,0
3.419,0.82,0
3.422,0.78,0
3.425,0.535,0
3.428,0.145,0
3.431,-0.2,0
3.433,-0.42,0
3.436,-0.5,0
3.439,-0.48,0
3.442,-0.45,0
3.444,-0.41,0
3.447,-0.4,0
3.45,-0.39,0
3.453,-0.39,0
3.456,-0.4,0
3.458,-0.405,0
3.461,-0.425,0
3.464,-0.425,0
3.467,-0.405,0
3.469,-0.395,0
3.472,-0.405,0
3.475,-0.405,0
3.478,-0.415,0
3.481,-0.405,0
3.483,-0.385,0
3.486,-0.39,0
3.489,-0.395,0
3.492,-0.395,0
3.494,-0.395,0
3.497,-0.395,0
3.5,-0.385,0
3.503,-0.39,0
3.506,-0.39,0
3.508,-0.4,0
3.511,-0.425,0
3.514,-0.41,0
3.517,-0.4,0
3.519,-0.395,0
3.522,-0.4,0
3.525,-0.405,0
3.528,-0.425,0
3.531,-0.415,0
3.533,-0.405,0
3.536,-0.405,0
3.539,-0.405,0
3.542,-0.41,0
3.544,-0.415,0
3.547,-0.405,0
3.55,-0.42,0
3.553,-0.405,0
3.556,-0.41,0
3.558,-0.41,0
3.561,-0.42,0
3.564,-0.415,0
3.567,-0.405,0
3.569,-0.395,0
3.572,-0.395,0
3.575,-0.395,0
3.578,-0.4,0
3.581,-0.395,0
3.583,-0.395,0
3.586,-0.405,0
3.589,-0.405,0
3.592,-0.42,0
3.594,-0.435,0
3.597,-0.415,0
3.6,-0.405,0
3.603,-0.395,0
3.606,-0.39,0
3.608,-0.415,0
3.611,-0.405,0
3.614,-0.405,0
3.617,-0.4,0
3.619,-0.395,0
3.622,-0.395,0
3.625,-0.405,0
3.628,-0.42,0
3.631,-0.415,0
3.633,-0.4,0
3.636,-0.395,0
3.639,-0.4,0
3.642,-0.405,0
3.644,-0.425,0
3.647,-0.425,0
3.65,-0.425,0
3.653,-0.42,0
3.656,-0.425,0
3.658,-0.45,0
3.661,-0.445,0
3.664,-0.45,0
3.667,-0.435,0
3.669,-0.445,0
3.672,-0.47,0
3.675,-0.455,0
3.678,-0.46,0
3.681,-0.44,0
3.683,-0.435,0
3.686,-0.425,0
3.689,-0.43,0
3.692,-0.445,0
3.694,-0.45,0
3.697,-0.445,0
3.7,-0.43,0
3.703,-0.42,0
3.706,-0.41,0
3.708,-0.425,0
3.711,-0.42,0
3.714,-0.405,0
3.717,-0.38,0
3.719,-0.37,0
3.722,-0.365,0
3.725,-0.365,0
3.728,-0.365,0
3.731,-0.345,0
3.733,-0.33,0
3.736,-0.315,0
3.739,-0.305,0
3.742,-0.305,0
3.744,-0.32,0
3.747,-0.31,0
3.75,-0.31,0
3.753,-0.305,0
3.756,-0.31,0
3.758,-0.315,0
3.761,-0.32,0
3.764,-0.315,0
3.767,-0.305,0
3.769,-0.305,0
3.772,-0.295,0
3.775,-0.31,0
3.778,-0.32,0
3.781,-0.31,0
3.783,-0.315,0
3.786,-0.295,0
3.789,-0.3,0
3.792,-0.305,0
3.794,-0.3,0
3.797,-0.285,0
3.8,-0.28,0
3.803,-0.29,0
3.806,-0.295,0
3.808,-0.305,0
3.811,-0.325,0
3.814,-0.305,0
3.817,-0.3,0
3.819,-0.3,0
3.822,-0.315,0
3.825,-0.325,0
3.828,-0.335,0
3.831,-0.325,0
3.833,-0.315,0
3.836,-0.32,0
3.839,-0.335,0
3.842,-0.33,0
3.844,-0.34,0
3.847,-0.325,0
3.85,-0.325,0
3.853,-0.32,0
3.856,-0.315,0
3.858,-0.335,0
3.861,-0.335,0
3.864,-0.345,0
3.867,-0.335,0
3.869,-0.325,0
3.872,-0.33,0
3.875,-0.315,0
3.878,-0.335,0
3.881,-0.33,0
3.883,-0.33,0
3.886,-0.33,0
3.889,-0.33,0
3.892,-0.335,0
3.894,-0.34,0
3.897,-0.33,0
3.9,-0.32,0
3.903,-0.315,0
3.906,-0.325,0
3.908,-0.335,0
3.911,-0.355,0
3.914,-0.345,0
3.917,-0.34,0
3.919,-0.335,0
3.922,-0.32,0
3.925,-0.325,0
3.928,-0.35,0
3.931,-0.33,0
3.933,-0.315,0
3.936,-0.315,0
3.939,-0.33,0
3.942,-0.33,0
3.944,-0.335,0
3.947,-0.335,0
3.95,-0.33,0
3.953,-0.33,0
3.956,-0.33,0
3.958,-0.34,0
3.961,-0.34,0
3.964,-0.34,0
3.967,-0.325,0
3.969,-0.325,0
3.972,-0.325,0
3.975,-0.345,0
3.978,-0.35,0
3.981,-0.34,0
3.983,-0.33,0
3.986,-0.32,0
3.989,-0.31,0
3.992,-0.305,0
3.994,-0.305,0
3.997,-0.275,0
4,-0.27,0
4.003,-0.255,0
4.006,-0.26,0
4.008,-0.265,0
4.011,-0.26,0
4.014,-0.25,0
4.017,-0.235,0
4.019,-0.235,0
4.022,-0.22,0
4.025,-0.235,0
4.028,-0.235,0
4.031,-0.22,0
4.033,-0.23,0
4.036,-0.225,0
4.039,-0.235,0
4.042,-0.245,0
4.044,-0.255,0
4.047,-0.24,0
4.05,-0.23,0
4.053,-0.23,0
4.056,-0.25,0
4.058,-0.255,0
4.061,-0.25,0
4.064,-0.23,0
4.067,-0.205,0
4.069,-0.195,0
4.072,-0.21,0
4.075,-0.23,0
4.078,-0.27,0
4.081,-0.27,0
4.083,-0.285,0
4.086,-0.285,0
4.089,-0.31,0
4.092,-0.33,0
4.094,-0.34,0
4.097,-0.34,0
4.1,-0.345,0
4.103,-0.35,0
4.106,-0.35,0
4.108,-0.34,0
4.111,-0.355,0
4.114,-0.345,0
4.117,-0.34,0
4.119,-0.34,0
4.122,-0.345,0
4.125,-0.355,0
4.128,-0.37,0
4.131,-0.355,0
4.133,-0.37,0
4.136,-0.345,0
4.139,-0.34,0
4.142,-0.36,0
4.144,-0.38,0
4.147,-0.36,0
4.15,-0.345,0
4.153,-0.35,0
4.156,-0.35,0
4.158,-0.355,0
4.161,-0.38,0
4.164,-0.39,0
4.167,-0.395,0
4.169,-0.425,0
4.172,-0.455,0
4.175,-0.475,0
4.178,-0.51,0
4.181,-0.545,0
4.183,-0.54,0
4.186,-0.495,0
4.189,-0.405,0
4.192,-0.295,0
4.194,-0.16,0
4.197,0.04,0
4.2,0.315,0
4.203,0.595,0
4.206,0.8,0
4.208,0.885,0
4.211,0.795,0
4.214,0.52,0
4.217,0.13,0
4.219,-0.215,0
4.222,-0.425,0
4.225,-0.5,0
4.228,-0.49,0
4.231,-0.45,0
4.233,-0.4,0
4.236,-0.39,0
4.239,-0.395,0
4.242,-0.395,0
4.244,-0.4,0
4.247,-0.39,0
4.25,-0.38,0
4.253,-0.385,0
4.256,-0.385,0
4.258,-0.4,0
4.261,-0.41,0
4.264,-0.41,0
4.267,-0.39,0
4.269,-0.39,0
4.272,-0.405,0
4.275,-0.405,0
4.278,-0.415,0
4.281,-0.41,0
4.283,-0.395,0
4.286,-0.395,0
4.289,-0.4,0
4.292,-0.415,0
4.294,-0.415,0
4.297,-0.415,0
4.3,-0.4,0
4.303,-0.39,0
4.306,-0.39,0
4.308,-0.41,0
4.311,-0.415,0
4.314,-0.405,0
4.317,-0.395,0
4.319,-0.395,0
4.322,-0.395,0
4.325,-0.405,0
4.328,-0.41,0
4.331,-0.41,0
4.333,-0.4,0
4.336,-0.39,0
4.339,-0.395,0
4.342,-0.41,0
4.344,-0.425,0
4.347,-0.415,0
4.35,-0.405,0
4.353,-0.41,0
4.356,-0.405,0
4.358,-0.415,0
4.361,-0.425,0
4.364,-0.425,0
4.367,-0.41,0
4.369,-0.395,0
4.372,-0.39,0
4.375,-0.4,0
4.378,-0.41,0
4.381,-0.41,0
4.383,-0.4,0
4.386,-0.39,0
4.389,-0.41,0
4.392,-0.42,0
4.394,-0.42,0
4.397,-0.415,0
4.4,-0.415,0
4.403,-0.405,0
4.406,-0.42,0
4.408,-0.415,0
4.411,-0.425,0
4.414,-0.41,0
4.417,-0.4,0
4.419,-0.405,0
4.422,-0.4,0
4.425,-0.4,0
4.428,-0.41,0
4.431,-0.4,0
4.433,-0.395,0
4.436,-0.395,0
4.439,-0.405,0
4.442,-0.41,0
4.444,-0.425,0
4.447,-0.425,0
4.45,-0.41,0
4.453,-0.41,0
4.456,-0.42,0
4.458,-0.43,0
4.461,-0.445,0
4.464,-0.44,0
4.467,-0.435,0
4.469,-0.43,0
4.472,-0.43,0
4.475,-0.45,0
4.478,-0.445,0
4.481,-0.445,0
4.483,-0.435,0
4.486,-0.435,0
4.489,-0.445,0
4.492,-0.44,0
4.494,-0.45,0
4.497,-0.43,0
4.5,-0.43,0
4.503,-0.415,0
4.506,-0.4,0
4.508,-0.4,0
4.511,-0.385,0
4.514,-0.365,0
4.517,-0.335,0
4.519,-0.33,0
4.522,-0.325,0
4.525,-0.33,0
4.528,-0.33,0
4.531,-0.31,0
4.533,-0.295,0
4.536,-0.285,0
4.539,-0.29,0
4.542,-0.29,0
4.544,-0.31,0
4.547,-0.295,0
4.55,-0.285,0
4.553,-0.28,0
4.556,-0.3,0
4.558,-0.29,0
4.561,-0.295,0
4.564,-0.29,0
4.567,-0.28,0
4.569,-0.275,0
4.572,-0.275,0
4.575,-0.29,0
4.578,-0.29,0
4.581,-0.285,0
4.583,-0.27,0
4.586,-0.27,0
4.589,-0.27,0
4.592,-0.275,0
4.594,-0.29,0
4.597,-0.285,0
4.6,-0.275,0
4.603,-0.275,0
4.606,-0.29,0
4.608,-0.295,0
4.611,-0.305,0
4.614,-0.295,0
4.617,-0.295,0
4.619,-0.285,0
4.622,-0.29,0
4.625,-0.3,0
4.628,-0.305,0
4.631,-0.31,0
4.633,-0.295,0
4.636,-0.3,0
4.639,-0.305,0
4.642,-0.31,0
4.644,-0.325,0
4.647,-0.325,0
4.65,-0.315,0
4.653,-0.31,0
4.656,-0.315,0
4.658,-0.315,0
4.661,-0.325,0
4.664,-0.32,0
4.667,-0.31,0
4.669,-0.32,0
4.672,-0.315,0
4.675,-0.33,0
4.678,-0.33,0
4.681,-0.32,0
4.683,-0.31,0
4.686,-0.31,0
4.689,-0.31,0
4.692,-0.33,0
4.694,-0.335,0
4.697,-0.33,0
4.7,-0.32,0
4.703,-0.325,0
4.706,-0.325,0
4.708,-0.33,0
4.711,-0.335,0
4.714,-0.33,0
4.717,-0.325,0
4.719,-0.325,0
4.722,-0.32,0
4.725,-0.325,0
4.728,-0.33,0
4.731,-0.325,0
4.733,-0.315,0
4.736,-0.305,0
4.739,-0.325,0
4.742,-0.315,0
4.744,-0.335,0
4.747,-0.33,0
4.75,-0.31,0
4.753,-0.32,0
4.756,-0.33,0
4.758,-0.33,0
4.761,-0.335,0
4.764,-0.33,0
4.767,-0.33,0
4.769,-0.32,0
4.772,-0.32,0
4.775,-0.33,0
4.778,-0.33,0
4.781,-0.325,0
4.783,-0.315,0
4.786,-0.315,0
4.789,-0.315,0
4.792,-0.33,0
4.794,-0.33,0
4.797,-0.32,0
4.8,-0.315,0
4.803,-0.305,0
4.806,-0.305,0
4.808,-0.295,0
4.811,-0.315,0
4.814,-0.3,0
4.817,-0.275,0
4.819,-0.255,0
4.822,-0.255,0
4.825,-0.26,0
4.828,-0.265,0
4.831,-0.255,0
4.833,-0.235,0
4.836,-0.23,0
4.839,-0.225,0
4.842,-0.22,0
4.844,-0.22,0
4.847,-0.215,0
4.85,-0.2,0
4.853,-0.205,0
4.856,-0.205,0
4.858,-0.225,0
4.861,-0.235,0
4.864,-0.24,0
4.867,-0.23,0
4.869,-0.215,0
4.872,-0.24,0
4.875,-0.24,0
4.878,-0.25,0
4.881,-0.235,0
4.883,-0.21,0
4.886,-0.2,0
4.889,-0.22,0
4.892,-0.255,0
4.894,-0.275,0
4.897,-0.285,0
4.9,-0.3,0
4.903,-0.305,0
4.906,-0.32,0
4.908,-0.33,0
4.911,-0.325,0
4.914,-0.32,0
4.917,-0.33,0
4.919,-0.33,0
4.922,-0.335,0
4.925,-0.34,0
4.928,-0.345,0
4.931,-0.34,0
4.933,-0.335,0
4.936,-0.32,0
4.939,-0.325,0
4.942,-0.335,0
4.944,-0.345,0
4.947,-0.345,0
4.95,-0.345,0
4.953,-0.335,0
4.956,-0.34,0
4.958,-0.345,0
4.961,-0.355,0
4.964,-0.34,0
4.967,-0.34,0
4.969,-0.34,0
4.972,-0.34,0
4.975,-0.345,0
4.978,-0.355,0
4.981,-0.365,0
4.983,-0.37,0
4.986,-0.405,0
4.989,-0.445,0
4.992,-0.48,0
4.994,-0.495,0
4.997,-0.52,0
5,-0.535,0
5.003,-0.505,0
5.006,-0.415,0
5.008,-0.28,0
5.011,-0.135,0
5.014,0.065,0
5.017,0.3,0
5.019,0.58,0
5.022,0.81,0
5.025,0.945,0
5.028,0.92,0
5.031,0.775,0
5.033,0.445,0
5.036,0.02,0
5.039,-0.295,0
5.042,-0.445,0
5.044,-0.47,0
5.047,-0.425,0
5.05,-0.38,0
5.053,-0.36,0
5.056,-0.36,0
5.058,-0.37,0
5.061,-0.38,0
5.064,-0.38,0
5.067,-0.375,0
5.069,-0.37,0
5.072,-0.365,0
5.075,-0.37,0
5.078,-0.385,0
5.081,-0.385,0
5.083,-0.375,0
5.086,-0.37,0
5.089,-0.37,0
5.092,-0.385,0
5.094,-0.395,0
5.097,-0.385,0
5.1,-0.385,0
5.103,-0.39,0
5.106,-0.385,0
5.108,-0.395,0
5.111,-0.41,0
5.114,-0.4,0
5.117,-0.395,0
5.119,-0.38,0
5.122,-0.395,0
5.125,-0.395,0
5.128,-0.4,0
5.131,-0.4,0
5.133,-0.395,0
5.136,-0.39,0
5.139,-0.39,0
5.142,-0.395,0
5.144,-0.405,0
5.147,-0.39,0
5.15,-0.385,0
5.153,-0.375,0
5.156,-0.375,0
5.158,-0.38,0
5.161,-0.39,0
5.164,-0.385,0
5.167,-0.37,0
5.169,-0.37,0
5.172,-0.37,0
5.175,-0.375,0
5.178,-0.385,0
5.181,-0.37,0
5.183,-0.39,0
5.186,-0.375,0
5.189,-0.37,0
5.192,-0.38,0
5.194,-0.39,0
5.197,-0.39,0
5.2,-0.385,0
5.203,-0.375,0
5.206,-0.375,0
5.208,-0.385,0
5.211,-0.395,0
5.214,-0.39,0
5.217,-0.385,0
5.219,-0.375,0
5.222,-0.38,0
5.225,-0.385,0
5.228,-0.39,0
5.231,-0.38,0
5.233,-0.38,0
5.236,-0.37,0
5.239,-0.37,0
5.242,-0.365,0
5.244,-0.39,0
5.247,-0.365,0
5.25,-0.365,0
5.253,-0.36,0
5.256,-0.375,0
5.258,-0.38,0
5.261,-0.4,0
5.264,-0.39,0
5.267,-0.375,0
5.269,-0.375,0
5.272,-0.37,0
5.275,-0.385,0
5.278,-0.39,0
5.281,-0.39,0
5.283,-0.39,0
5.286,-0.39,0
5.289,-0.375,0
5.292,-0.385,0
5.294,-0.395,0
5.297,-0.38,0
5.3,-0.37,0
5.303,-0.375,0
5.306,-0.375,0
5.308,-0.39,0
5.311,-0.405,0
5.314,-0.375,0
5.317,-0.37,0
5.319,-0.36,0
5.322,-0.375,0
5.325,-0.385,0
5.328,-0.38,0
5.331,-0.37,0
5.333,-0.36,0
5.336,-0.345,0
5.339,-0.345,0
5.342,-0.33,0
5.344,-0.33,0
5.347,-0.315,0
5.35,-0.31,0
5.353,-0.295,0
5.356,-0.285,0
5.358,-0.285,0
5.361,-0.295,0
5.364,-0.28,0
5.367,-0.27,0
5.369,-0.28,0
5.372,-0.28,0
5.375,-0.28,0
5.378,-0.29,0
5.381,-0.29,0
5.383,-0.28,0
5.386,-0.275,0
5.389,-0.28,0
5.392,-0.285,0
5.394,-0.29,0
5.397,-0.29,0
5.4,-0.28,0
5.403,-0.28,0
5.406,-0.285,0
5.408,-0.29,0
5.411,-0.3,0
5.414,-0.295,0
5.417,-0.285,0
5.419,-0.28,0
5.422,-0.285,0
5.425,-0.285,0
5.428,-0.295,0
5.431,-0.285,0
5.433,-0.28,0
5.436,-0.275,0
5.439,-0.28,0
5.442,-0.29,0
5.444,-0.31,0
5.447,-0.305,0
5.45,-0.285,0
5.453,-0.27,0
5.456,-0.27,0
5.458,-0.275,0
5.461,-0.285,0
5.464,-0.285,0
5.467,-0.27,0
5.469,-0.265,0
5.472,-0.265,0
5.475,-0.265,0
5.478,-0.28,0
5.481,-0.265,0
5.483,-0.245,0
5.486,-0.235,0
5.489,-0.235,0
5.492,-0.25,0
5.494,-0.25,0
5.497,-0.245,0
5.5,-0.215,0
5.503,-0.22,0
5.506,-0.245,0
5.508,-0.255,0
5.511,-0.23,0
5.514,-0.205,0
5.517,-0.21,0
5.519,-0.22,0
5.522,-0.23,0
5.525,-0.24,0
5.528,-0.24,0
5.531,-0.245,0
5.533,-0.25,0
5.536,-0.27,0
5.539,-0.285,0
5.542,-0.315,0
5.544,-0.32,0
5.547,-0.32,0
5.55,-0.31,0
5.553,-0.33,0
5.556,-0.34,0
5.558,-0.345,0
5.561,-0.36,0
5.564,-0.365,0
5.567,-0.36,0
5.569,-0.35,0
5.572,-0.355,0
5.575,-0.375,0
5.578,-0.385,0
5.581,-0.375,0
5.583,-0.37,0
5.586,-0.365,0
5.589,-0.365,0
5.592,-0.37,0
5.594,-0.38,0
5.597,-0.36,0
5.6,-0.35,0
5.603,-0.355,0
5.606,-0.355,0
5.608,-0.35,0
5.611,-0.365,0
5.614,-0.35,0
5.617,-0.35,0
5.619,-0.34,0
5.622,-0.355,0
5.625,-0.35,0
5.628,-0.375,0
5.631,-0.365,0
5.633,-0.375,0
5.636,-0.4,0
5.639,-0.43,0
5.642,-0.475,0
5.644,-0.52,0
5.647,-0.52,0
5.65,-0.55,0
5.653,-0.57,0
5.656,-0.54,0
5.658,-0.445,0
5.661,-0.305,0
5.664,-0.14,0
5.667,0.025,0
5.669,0.26,0
5.672,0.51,0
5.675,0.735,0
5.678,0.845,1
5.681,0.875,0
5.683,0.735,0
5.686,0.4,0
5.689,-0.025,0
5.692,-0.335,0
5.694,-0.48,0
5.697,-0.47,0
5.7,-0.415,0
5.703,-0.375,0
5.706,-0.365,0
5.708,-0.385,0
5.711,-0.4,0
5.714,-0.38,0
5.717,-0.39,0
5.719,-0.375,0
5.722,-0.385,0
5.725,-0.395,0
5.728,-0.405,0
5.731,-0.39,0
5.733,-0.38,0
5.736,-0.385,0
5.739,-0.385,0
5.742,-0.395,0
5.744,-0.4,0
5.747,-0.405,0
5.75,-0.4,0
5.753,-0.39,0
5.756,-0.39,0
5.758,-0.395,0
5.761,-0.4,0
5.764,-0.39,0
5.767,-0.385,0
5.769,-0.39,0
5.772,-0.385,0
5.775,-0.41,0
5.778,-0.42,0
5.781,-0.405,0
5.783,-0.41,0
5.786,-0.39,0
5.789,-0.39,0
5.792,-0.39,0
5.794,-0.4,0
5.797,-0.4,0
5.8,-0.39,0
5.803,-0.375,0
5.806,-0.38,0
5.808,-0.395,0
5.811,-0.4,0
5.814,-0.39,0
5.817,-0.4,0
5.819,-0.39,0
5.822,-0.395,0
5.825,-0.41,0
5.828,-0.415,0
5.831,-0.405,0
5.833,-0.385,0
5.836,-0.385,0
5.839,-0.38,0
5.842,-0.4,0
5.844,-0.4,0
5.847,-0.395,0
5.85,-0.39,0
5.853,-0.38,0
5.856,-0.375,0
5.858,-0.395,0
5.861,-0.395,0
5.864,-0.385,0
5.867,-0.38,0
5.869,-0.375,0
5.872,-0.385,0
5.875,-0.39,0
5.878,-0.4,0
5.881,-0.4,0
5.883,-0.385,0
5.886,-0.38,0
5.889,-0.395,0
5.892,-0.39,0
5.894,-0.4,0
5.897,-0.395,0
5.9,-0.385,0
5.903,-0.38,0
5.906,-0.385,0
5.908,-0.395,0
5.911,-0.405,0
5.914,-0.4,0
5.917,-0.39,0
5.919,-0.38,0
5.922,-0.38,0
5.925,-0.385,0
5.928,-0.405,0
5.931,-0.395,0
5.933,-0.4,0
5.936,-0.39,0
5.939,-0.4,0
5.942,-0.405,0
5.944,-0.425,0
5.947,-0.42,0
5.95,-0.405,0
5.953,-0.4,0
5.956,-0.405,0
5.958,-0.405,0
5.961,-0.415,0
5.964,-0.4,0
5.967,-0.39,0
5.969,-0.38,0
5.972,-0.385,0
5.975,-0.395,0
5.978,-0.405,0
5.981,-0.39,0
5.983,-0.37,0
5.986,-0.37,0
5.989,-0.37,0
5.992,-0.385,0
5.994,-0.37,0
5.997,-0.355,0
6,-0.345,0
6.003,-0.34,0
6.006,-0.335,0
6.008,-0.34,0
6.011,-0.355,0
6.014,-0.335,0
6.017,-0.325,0
6.019,-0.31,0
6.022,-0.305,0
6.025,-0.305,0
6.028,-0.32,0
6.031,-0.315,0
6.033,-0.31,0
6.036,-0.305,0
6.039,-0.305,0
6.042,-0.33,0
6.044,-0.325,0
6.047,-0.345,0
6.05,-0.325,0
6.053,-0.315,0
6.056,-0.315,0
6.058,-0.305,0
6.061,-0.31,0
6.064,-0.31,0
6.067,-0.3,0
6.069,-0.305,0
6.072,-0.305,0
6.075,-0.315,0
6.078,-0.32,0
6.081,-0.325,0
6.083,-0.315,0
6.086,-0.305,0
6.089,-0.315,0
6.092,-0.325,0
6.094,-0.325,0
6.097,-0.33,0
6.1,-0.315,0
6.103,-0.315,0
6.106,-0.31,0
6.108,-0.33,0
6.111,-0.34,0
6.114,-0.335,0
6.117,-0.33,0
6.119,-0.345,0
6.122,-0.355,0
6.125,-0.365,0
6.128,-0.37,0
6.131,-0.345,0
6.133,-0.34,0
6.136,-0.34,0
6.139,-0.345,0
6.142,-0.36,0
6.144,-0.365,0
6.147,-0.36,0
6.15,-0.36,0
6.153,-0.345,0
6.156,-0.355,0
6.158,-0.365,0
6.161,-0.35,0
6.164,-0.36,0
6.167,-0.35,0
6.169,-0.34,0
6.172,-0.345,0
6.175,-0.355,0
6.178,-0.37,0
6.181,-0.35,0
6.183,-0.35,0
6.186,-0.35,0
6.189,-0.345,0
6.192,-0.35,0
6.194,-0.355,0
6.197,-0.36,0
6.2,-0.345,0
6.203,-0.355,0
6.206,-0.35,0
6.208,-0.36,0
6.211,-0.37,0
6.214,-0.355,0
6.217,-0.355,0
6.219,-0.35,0
6.222,-0.355,0
6.225,-0.36,0
6.228,-0.39,0
6.231,-0.385,0
6.233,-0.36,0
6.236,-0.36,0
6.239,-0.37,0
6.242,-0.37,0
6.244,-0.39,0
6.247,-0.375,0
6.25,-0.37,0
6.253,-0.35,0
6.256,-0.34,0
6.258,-0.345,0
6.261,-0.36,0
6.264,-0.36,0
6.267,-0.35,0
6.269,-0.35,0
6.272,-0.335,0
6.275,-0.36,0
6.278,-0.365,0
6.281,-0.365,0
6.283,-0.36,0
6.286,-0.36,0
6.289,-0.365,0
6.292,-0.375,0
6.294,-0.385,0
6.297,-0.385,0
6.3,-0.365,0
6.303,-0.37,0
6.306,-0.375,0
6.308,-0.37,0
6.311,-0.375,0
6.314,-0.365,0
6.317,-0.355,0
6.319,-0.355,0
6.322,-0.36,0
6.325,-0.365,0
6.328,-0.37,0
6.331,-0.36,0
6.333,-0.35,0
6.336,-0.34,0
6.339,-0.345,0
6.342,-0.34,0
6.344,-0.35,0
6.347,-0.345,0
6.35,-0.35,0
6.353,-0.36,0
6.356,-0.35,0
6.358,-0.36,0
6.361,-0.37,0
6.364,-0.36,0
6.367,-0.36,0
6.369,-0.355,0
6.372,-0.36,0
6.375,-0.375,0
6.378,-0.375,0
6.381,-0.37,0
6.383,-0.35,0
6.386,-0.355,0
6.389,-0.36,0
6.392,-0.365,0
6.394,-0.375,0
6.397,-0.37,0
6.4,-0.365,0
6.403,-0.36,0
6.406,-0.355,0
6.408,-0.36,0
6.411,-0.36,0
6.414,-0.35,0
6.417,-0.34,0
6.419,-0.345,0
6.422,-0.345,0
6.425,-0.355,0
6.428,-0.36,0
6.431,-0.36,0
6.433,-0.365,0
6.436,-0.345,0
6.439,-0.355,0
6.442,-0.35,0
6.444,-0.36,0
6.447,-0.355,0
6.45,-0.36,0
6.453,-0.345,0
6.456,-0.335,0
6.458,-0.33,0
6.461,-0.33,0
6.464,-0.31,0
6.467,-0.305,0
6.469,-0.3,0
6.472,-0.305,0
6.475,-0.295,0
6.478,-0.305,0
6.481,-0.285,0
6.483,-0.275,0
6.486,-0.265,0
6.489,-0.255,0
6.492,-0.255,0
6.494,-0.26,0
6.497,-0.265,0
6.5,-0.255,0
6.503,-0.255,0
6.506,-0.26,0
6.508,-0.28,0
6.511,-0.29,0
6.514,-0.28,0
6.517,-0.27,0
6.519,-0.255,0
6.522,-0.275,0
6.525,-0.29,0
6.528,-0.32,0
6.531,-0.3,0
6.533,-0.295,0
6.536,-0.27,0
6.539,-0.265,0
6.542,-0.27,0
6.544,-0.285,0
6.547,-0.3,0
6.55,-0.31,0
6.553,-0.315,0
6.556,-0.32,0
6.558,-0.35,0
6.561,-0.37,0
6.564,-0.365,0
6.567,-0.365,0
6.569,-0.365,0
6.572,-0.37,0
6.575,-0.37,0
6.578,-0.37,0
6.581,-0.38,0
6.583,-0.36,0
6.586,-0.375,0
6.589,-0.375,0
6.592,-0.4,0
6.594,-0.42,0
6.597,-0.405,0
6.6,-0.4,0
6.603,-0.385,0
6.606,-0.38,0
6.608,-0.4,0
6.611,-0.415,0
6.614,-0.405,0
6.617,-0.395,0
6.619,-0.395,0
6.622,-0.395,0
6.625,-0.41,0
6.628,-0.43,0
6.631,-0.44,0
6.633,-0.455,0
6.636,-0.49,0
6.639,-0.485,0
6.642,-0.52,0
6.644,-0.57,0
6.647,-0.575,0
6.65,-0.525,0
6.653,-0.42,0
6.656,-0.305,0
6.658,-0.19,0
6.661,-0.02,0
6.664,0.22,0
6.667,0.485,0
6.669,0.715,0
6.672,0.845,0
6.675,0.885,0
6.678,0.79,0
6.681,0.56,0
6.683,0.225,0
6.686,-0.07,0
6.689,-0.285,0
6.692,-0.425,0
6.694,-0.5,0
6.697,-0.55,0
6.7,-0.535,0
6.703,-0.5,0
6.706,-0.465,0
6.708,-0.45,0
6.711,-0.45,0
6.714,-0.435,0
6.717,-0.42,0
6.719,-0.41,0
6.722,-0.41,0
6.725,-0.415,0
6.728,-0.42,0
6.731,-0.425,0
6.733,-0.42,0
6.736,-0.43,0
6.739,-0.43,0
6.742,-0.44,0
6.744,-0.45,0
6.747,-0.45,0
6.75,-0.43,0
6.753,-0.43,0
6.756,-0.43,0
6.758,-0.445,0
6.761,-0.445,0
6.764,-0.44,0
6.767,-0.425,0
6.769,-0.43,0
6.772,-0.43,0
6.775,-0.425,0
6.778,-0.445,0
6.781,-0.445,0
6.783,-0.43,0
6.786,-0.435,0
6.789,-0.435,0
6.792,-0.445,0
6.794,-0.445,0
6.797,-0.435,0
6.8,-0.43,0
6.803,-0.425,0
6.806,-0.43,0
6.808,-0.43,0
6.811,-0.44,0
6.814,-0.42,0
6.817,-0.43,0
6.819,-0.425,0
6.822,-0.43,0
6.825,-0.44,0
6.828,-0.44,0
6.831,-0.43,0
6.833,-0.43,0
6.836,-0.415,0
6.839,-0.425,0
6.842,-0.43,0
6.844,-0.455,0
6.847,-0.445,0
6.85,-0.445,0
6.853,-0.43,0
6.856,-0.43,0
6.858,-0.44,0
6.861,-0.44,0
6.864,-0.435,0
6.867,-0.43,0
6.869,-0.415,0
6.872,-0.415,0
6.875,-0.425,0
6.878,-0.425,0
6.881,-0.42,0
6.883,-0.405,0
6.886,-0.405,0
6.889,-0.415,0
6.892,-0.415,0
6.894,-0.425,0
6.897,-0.43,0
6.9,-0.405,0
6.903,-0.405,0
6.906,-0.405,0
6.908,-0.405,0
6.911,-0.43,0
6.914,-0.415,0
6.917,-0.41,0
6.919,-0.415,0
6.922,-0.43,0
6.925,-0.445,0
6.928,-0.465,0
6.931,-0.46,0
6.933,-0.45,0
6.936,-0.455,0
6.939,-0.46,0
6.942,-0.465,0
6.944,-0.485,0
6.947,-0.495,0
6.95,-0.475,0
6.953,-0.49,0
6.956,-0.5,0
6.958,-0.495,0
6.961,-0.515,0
6.964,-0.5,0
6.967,-0.485,0
6.969,-0.49,0
6.972,-0.485,0
6.975,-0.5,0
6.978,-0.5,0
6.981,-0.49,0
6.983,-0.48,0
6.986,-0.46,0
6.989,-0.46,0
6.992,-0.47,0
6.994,-0.465,0
6.997,-0.44,0
7,-0.43,0
7.003,-0.425,0
7.006,-0.41,0
7.008,-0.41,0
7.011,-0.4,0
7.014,-0.39,0
7.017,-0.38,0
7.019,-0.355,0
7.022,-0.35,0
7.025,-0.355,0
7.028,-0.35,0
7.031,-0.34,0
7.033,-0.33,0
7.036,-0.325,0
7.039,-0.305,0
7.042,-0.32,0
7.044,-0.315,0
7.047,-0.305,0
7.05,-0.3,0
7.053,-0.305,0
7.056,-0.305,0
7.058,-0.31,0
7.061,-0.33,0
7.064,-0.31,0
7.067,-0.315,0
7.069,-0.315,0
7.072,-0.32,0
7.075,-0.325,0
7.078,-0.325,0
7.081,-0.325,0
7.083,-0.31,0
7.086,-0.31,0
7.089,-0.315,0
7.092,-0.325,0
7.094,-0.33,0
7.097,-0.325,0
7.1,-0.325,0
7.103,-0.315,0
7.106,-0.32,0
7.108,-0.33,0
7.111,-0.335,0
7.114,-0.33,0
7.117,-0.315,0
7.119,-0.32,0
7.122,-0.32,0
7.125,-0.335,0
7.128,-0.335,0
7.131,-0.325,0
7.133,-0.325,0
7.136,-0.32,0
7.139,-0.32,0
7.142,-0.325,0
7.144,-0.35,0
7.147,-0.345,0
7.15,-0.345,0
7.153,-0.335,0
7.156,-0.345,0
7.158,-0.355,0
7.161,-0.355,0
7.164,-0.355,0
7.167,-0.345,0
7.169,-0.335,0
7.172,-0.335,0
7.175,-0.345,0
7.178,-0.355,0
7.181,-0.34,0
7.183,-0.335,0
7.186,-0.33,0
7.189,-0.335,0
7.192,-0.345,0
7.194,-0.35,0
7.197,-0.35,0
7.2,-0.34,0
7.203,-0.335,0
7.206,-0.33,0
7.208,-0.36,0
7.211,-0.355,0
7.214,-0.345,0
7.217,-0.335,0
7.219,-0.345,0
7.222,-0.35,0
7.225,-0.36,0
7.228,-0.38,0
7.231,-0.37,0
7.233,-0.345,0
7.236,-0.345,0
7.239,-0.35,0
7.242,-0.355,0
7.244,-0.365,0
7.247,-0.36,0
7.25,-0.345,0
7.253,-0.345,0
7.256,-0.35,0
7.258,-0.36,0
7.261,-0.36,0
7.264,-0.35,0
7.267,-0.355,0
7.269,-0.34,0
7.272,-0.345,0
7.275,-0.355,0
7.278,-0.355,0
7.281,-0.355,0
7.283,-0.34,0
7.286,-0.34,0
7.289,-0.345,0
7.292,-0.365,0
7.294,-0.37,0
7.297,-0.35,0
7.3,-0.33,0
7.303,-0.32,0
7.306,-0.315,0
7.308,-0.295,0
7.311,-0.305,0
7.314,-0.295,0
7.317,-0.3,0
7.319,-0.285,0
7.322,-0.275,0
7.325,-0.26,0
7.328,-0.275,0
7.331,-0.265,0
7.333,-0.26,0
7.336,-0.25,0
7.339,-0.245,0
7.342,-0.255,0
7.344,-0.265,0
7.347,-0.26,0
7.35,-0.26,0
7.353,-0.25,0
7.356,-0.26,0
7.358,-0.28,0
7.361,-0.28,0
7.364,-0.275,0
7.367,-0.285,0
7.369,-0.28,0
7.372,-0.255,0
7.375,-0.245,0
7.378,-0.245,0
7.381,-0.26,0
7.383,-0.285,0
7.386,-0.29,0
7.389,-0.3,0
7.392,-0.32,0
7.394,-0.335,0
7.397,-0.355,0
7.4,-0.35,0
7.403,-0.355,0
7.406,-0.355,0
7.408,-0.375,0
7.411,-0.385,0
7.414,-0.38,0
7.417,-0.36,0
7.419,-0.35,0
7.422,-0.36,0
7.425,-0.365,0
7.428,-0.37,0
7.431,-0.37,0
7.433,-0.365,0
7.436,-0.36,0
7.439,-0.365,0
7.442,-0.37,0
7.444,-0.385,0
7.447,-0.385,0
7.45,-0.365,0
7.453,-0.36,0
7.456,-0.38,0
7.458,-0.385,0
7.461,-0.395,0
7.464,-0.395,0
7.467,-0.385,0
7.469,-0.38,0
7.472,-0.395,0
7.475,-0.425,0
7.478,-0.465,0
7.481,-0.5,0
7.483,-0.515,0
7.486,-0.53,0
7.489,-0.56,0
7.492,-0.585,0
7.494,-0.53,0
7.497,-0.41,0
7.5,-0.255,0
7.503,-0.105,0
7.506,0.105,0
7.508,0.355,0
7.511,0.6,0
7.514,0.81,0
7.517,0.89,0
7.519,0.83,0
7.522,0.58,0
7.525,0.185,0
7.528,-0.205,0
7.531,-0.45,0
7.533,-0.525,0
7.536,-0.495,0
7.539,-0.465,0
7.542,-0.435,0
7.544,-0.415,0
7.547,-0.415,0
7.55,-0.415,0
7.553,-0.4,0
7.556,-0.395,0
7.558,-0.405,0
7.561,-0.425,0
7.564,-0.435,0
7.567,-0.415,0
7.569,-0.415,0
7.572,-0.415,0
7.575,-0.415,0
7.578,-0.43,0
7.581,-0.42,0
7.583,-0.41,0
7.586,-0.405,0
7.589,-0.42,0
7.592,-0.41,0
7.594,-0.42,0
7.597,-0.4,0
7.6,-0.395,0
7.603,-0.385,0
7.606,-0.4,0
7.608,-0.4,0
7.611,-0.4,0
7.614,-0.4,0
7.617,-0.395,0
7.619,-0.4,0
7.622,-0.4,0
7.625,-0.4,0
7.628,-0.41,0
7.631,-0.395,0
7.633,-0.41,0
7.636,-0.4,0
7.639,-0.395,0
7.642,-0.405,0
7.644,-0.41,0
7.647,-0.415,0
7.65,-0.405,0
7.653,-0.4,0
7.656,-0.395,0
7.658,-0.405,0
7.661,-0.415,0
7.664,-0.405,0
7.667,-0.415,0
7.669,-0.41,0
7.672,-0.405,0
7.675,-0.405,0
7.678,-0.41,0
7.681,-0.405,0
7.683,-0.4,0
7.686,-0.395,0
7.689,-0.405,0
7.692,-0.405,0
7.694,-0.4,0
7.697,-0.395,0
7.7,-0.39,0
7.703,-0.395,0
7.706,-0.39,0
7.708,-0.395,0
7.711,-0.42,0
7.714,-0.415,0
7.717,-0.405,0
7.719,-0.4,0
7.722,-0.4,0
7.725,-0.415,0
7.728,-0.42,0
7.731,-0.41,0
7.733,-0.395,0
7.736,-0.4,0
7.739,-0.405,0
7.742,-0.415,0
7.744,-0.435,0
7.747,-0.415,0
7.75,-0.415,0
7.753,-0.4,0
7.756,-0.405,0
7.758,-0.42,0
7.761,-0.43,0
7.764,-0.425,0
7.767,-0.41,0
7.769,-0.41,0
7.772,-0.405,0
7.775,-0.415,0
7.778,-0.425,0
7.781,-0.425,0
7.783,-0.42,0
7.786,-0.41,0
7.789,-0.41,0
7.792,-0.42,0
7.794,-0.43,0
7.797,-0.425,0
7.8,-0.42,0
7.803,-0.405,0
7.806,-0.415,0
7.808,-0.41,0
7.811,-0.41,0
7.814,-0.385,0
7.817,-0.37,0
7.819,-0.36,0
7.822,-0.35,0
7.825,-0.35,0
7.828,-0.35,0
7.831,-0.335,0
7.833,-0.32,0
7.836,-0.305,0
7.839,-0.315,0
7.842,-0.315,0
7.844,-0.32,0
7.847,-0.305,0
7.85,-0.305,0
7.853,-0.295,0
7.856,-0.29,0
7.858,-0.295,0
7.861,-0.295,0
7.864,-0.285,0
7.867,-0.285,0
7.869,-0.27,0
7.872,-0.28,0
7.875,-0.28,0
7.878,-0.295,0
7.881,-0.28,0
7.883,-0.285,0
7.886,-0.275,0
7.889,-0.285,0
7.892,-0.295,0
7.894,-0.305,0
7.897,-0.295,0
7.9,-0.285,0
7.903,-0.285,0
7.906,-0.29,0
7.908,-0.3,0
7.911,-0.31,0
7.914,-0.295,0
7.917,-0.3,0
7.919,-0.29,0
7.922,-0.285,0
7.925,-0.305,0
7.928,-0.31,0
7.931,-0.3,0
7.933,-0.295,0
7.936,-0.305,0
7.939,-0.3,0
7.942,-0.305,0
7.944,-0.32,0
7.947,-0.32,0
7.95,-0.31,0
7.953,-0.3,0
7.956,-0.31,0
7.958,-0.32,0
7.961,-0.34,0
7.964,-0.33,0
7.967,-0.31,0
7.969,-0.315,0
7.972,-0.325,0
7.975,-0.325,0
7.978,-0.345,0
7.981,-0.33,0
7.983,-0.32,0
7.986,-0.32,0
7.989,-0.335,0
7.992,-0.335,0
7.994,-0.355,0
7.997,-0.34,0
8,-0.32,0
8.003,-0.315,0
8.006,-0.33,0
8.008,-0.34,0
8.011,-0.34,0
8.014,-0.35,0
8.017,-0.33,0
8.019,-0.33,0
8.022,-0.34,0
8.025,-0.35,0
8.028,-0.355,0
8.031,-0.345,0
8.033,-0.335,0
8.036,-0.335,0
8.039,-0.34,0
8.042,-0.34,0
8.044,-0.345,0
8.047,-0.335,0
8.05,-0.335,0
8.053,-0.325,0
8.056,-0.325,0
8.058,-0.335,0
8.061,-0.34,0
8.064,-0.34,0
8.067,-0.32,0
8.069,-0.315,0
8.072,-0.32,0
8.075,-0.335,0
8.078,-0.335,0
8.081,-0.32,0
8.083,-0.325,0
8.086,-0.315,0
8.089,-0.32,0
8.092,-0.32,0
8.094,-0.345,0
8.097,-0.335,0
8.1,-0.32,0
8.103,-0.31,0
8.106,-0.32,0
8.108,-0.32,0
8.111,-0.34,0
8.114,-0.33,0
8.117,-0.32,0
8.119,-0.31,0
8.122,-0.31,0
8.125,-0.31,0
8.128,-0.295,0
8.131,-0.28,0
8.133,-0.255,0
8.136,-0.25,0
8.139,-0.25,0
8.142,-0.255,0
8.144,-0.26,0
8.147,-0.24,0
8.15,-0.22,0
8.153,-0.23,0
8.156,-0.23,0
8.158,-0.215,0
8.161,-0.22,0
8.164,-0.225,0
8.167,-0.23,0
8.169,-0.23,0
8.172,-0.235,0
8.175,-0.245,0
8.178,-0.255,0
8.181,-0.24,0
8.183,-0.235,0
8.186,-0.245,0
8.189,-0.235,0
8.192,-0.23,0
8.194,-0.22,0
8.197,-0.195,0
8.2,-0.22,0
8.203,-0.245,0
8.206,-0.26,0
8.208,-0.27,0
8.211,-0.29,0
8.214,-0.3,0
8.217,-0.305,0
8.219,-0.305,0
8.222,-0.32,0
8.225,-0.33,0
8.228,-0.35,0
8.231,-0.35,0
8.233,-0.335,0
8.236,-0.335,0
8.239,-0.335,0
8.242,-0.34,0
8.244,-0.35,0
8.247,-0.35,0
8.25,-0.345,0
8.253,-0.335,0
8.256,-0.345,0
8.258,-0.355,0
8.261,-0.37,0
8.264,-0.35,0
8.267,-0.345,0
8.269,-0.335,0
8.272,-0.335,0
8.275,-0.335,0
8.278,-0.355,0
8.281,-0.355,0
8.283,-0.345,0
8.286,-0.355,0
8.289,-0.395,0
8.292,-0.45,0
8.294,-0.48,0
8.297,-0.505,0
8.3,-0.525,0
8.303,-0.545,0
8.306,-0.5,0
8.308,-0.395,0
8.311,-0.255,0
8.314,-0.07,0
8.317,0.145,0
8.319,0.425,0
8.322,0.685,0
8.325,0.875,0
8.328,0.925,0
8.331,0.795,0
8.333,0.47,0
8.336,0.02,0
8.339,-0.325,0
8.342,-0.47,0
8.344,-0.485,0
8.347,-0.41,0
8.35,-0.365,0
8.353,-0.355,0
8.356,-0.365,0
8.358,-0.38,0
8.361,-0.385,0
8.364,-0.38,0
8.367,-0.37,0
8.369,-0.37,0
8.372,-0.375,0
8.375,-0.385,0
8.378,-0.395,0
8.381,-0.385,0
8.383,-0.38,0
8.386,-0.385,0
8.389,-0.375,0
8.392,-0.39,0
8.394,-0.405,0
8.397,-0.405,0
8.4,-0.39,0
8.403,-0.385,0
8.406,-0.385,0
8.408,-0.39,0
8.411,-0.41,0
8.414,-0.4,0
8.417,-0.39,0
8.419,-0.385,0
8.422,-0.385,0
8.425,-0.395,0
8.428,-0.39,0
8.431,-0.395,0
8.433,-0.38,0
8.436,-0.375,0
8.439,-0.38,0
8.442,-0.385,0
8.444,-0.4,0
8.447,-0.385,0
8.45,-0.38,0
8.453,-0.375,0
8.456,-0.38,0
8.458,-0.395,0
8.461,-0.395,0
8.464,-0.385,0
8.467,-0.375,0
8.469,-0.37,0
8.472,-0.365,0
8.475,-0.385,0
8.478,-0.395,0
8.481,-0.385,0
8.483,-0.385,0
8.486,-0.37,0
8.489,-0.375,0
8.492,-0.37,0
8.494,-0.375,0
8.497,-0.375,0
8.5,-0.37,0
8.503,-0.355,0
8.506,-0.365,0
8.508,-0.38,0
8.511,-0.375,0
8.514,-0.37,0
8.517,-0.38,0
8.519,-0.365,0
8.522,-0.37,0
8.525,-0.375,0
8.528,-0.39,0
8.531,-0.38,0
8.533,-0.375,0
8.536,-0.38,0
8.539,-0.37,0
8.542,-0.375,0
8.544,-0.38,0
8.547,-0.385,0
8.55,-0.385,0
8.553,-0.37,0
8.556,-0.375,0
8.558,-0.375,0
8.561,-0.38,0
8.564,-0.38,0
8.567,-0.38,0
8.569,-0.38,0
8.572,-0.375,0
8.575,-0.39,0
8.578,-0.395,0
8.581,-0.385,0
8.583,-0.385,0
8.586,-0.375,0
8.589,-0.375,0
8.592,-0.385,0
8.594,-0.385,0
8.597,-0.39,0
8.6,-0.37,0
8.603,-0.365,0
8.606,-0.365,0
8.608,-0.375,0
8.611,-0.385,0
8.614,-0.35,0
8.617,-0.345,0
8.619,-0.325,0
8.622,-0.325,0
8.625,-0.33,0
8.628,-0.325,0
8.631,-0.325,0
8.633,-0.315,0
8.636,-0.315,0
8.639,-0.315,0
8.642,-0.3,0
8.644,-0.3,0
8.647,-0.285,0
8.65,-0.27,0
8.653,-0.265,0
8.656,-0.26,0
8.658,-0.275,0
8.661,-0.285,0
8.664,-0.265,0
8.667,-0.255,0
8.669,-0.25,0
8.672,-0.27,0
8.675,-0.28,0
8.678,-0.285,0
8.681,-0.285,0
8.683,-0.28,0
8.686,-0.27,0
8.689,-0.27,0
8.692,-0.27,0
8.694,-0.285,0
8.697,-0.28,0
8.7,-0.275,0
8.703,-0.27,0
8.706,-0.265,0
8.708,-0.275,0
8.711,-0.29,0
8.714,-0.285,0
8.717,-0.285,0
8.719,-0.275,0
8.722,-0.27,0
8.725,-0.28,0
8.728,-0.295,0
8.731,-0.28,0
8.733,-0.27,0
8.736,-0.27,0
8.739,-0.275,0
8.742,-0.285,0
8.744,-0.3,0
8.747,-0.295,0
8.75,-0.29,0
8.753,-0.295,0
8.756,-0.3,0
8.758,-0.29,0
8.761,-0.305,0
8.764,-0.295,0
8.767,-0.29,0
8.769,-0.295,0
8.772,-0.29,0
8.775,-0.31,0
8.778,-0.32,0
8.781,-0.315,0
8.783,-0.315,0
8.786,-0.3,0
8.789,-0.305,0
8.792,-0.315,0
8.794,-0.33,0
8.797,-0.32,0
8.8,-0.305,0
8.803,-0.315,0
8.806,-0.305,0
8.808,-0.315,0
8.811,-0.325,0
8.814,-0.31,0
8.817,-0.295,0
8.819,-0.3,0
8.822,-0.305,0
8.825,-0.31,0
8.828,-0.325,0
8.831,-0.315,0
8.833,-0.315,0
8.836,-0.305,0
8.839,-0.305,0
8.842,-0.325,0
8.844,-0.32,0
8.847,-0.32,0
8.85,-0.31,0
8.853,-0.305,0
8.856,-0.32,0
8.858,-0.32,0
8.861,-0.32,0
8.864,-0.31,0
8.867,-0.305,0
8.869,-0.29,0
8.872,-0.285,0
8.875,-0.29,0
8.878,-0.305,0
8.881,-0.31,0
8.883,-0.3,0
8.886,-0.3,0
8.889,-0.31,0
8.892,-0.315,0
8.894,-0.315,0
8.897,-0.31,0
8.9,-0.295,0
8.903,-0.3,0
8.906,-0.295,0
8.908,-0.315,0
8.911,-0.31,0
8.914,-0.29,0
8.917,-0.265,0
8.919,-0.24,0
8.922,-0.255,0
8.925,-0.24,0
8.928,-0.25,0
8.931,-0.225,0
8.933,-0.225,0
8.936,-0.215,0
8.939,-0.21,0
8.942,-0.2,0
8.944,-0.195,0
8.947,-0.195,0
8.95,-0.18,0
8.953,-0.175,0
8.956,-0.18,0
8.958,-0.205,0
8.961,-0.215,0
8.964,-0.21,0
8.967,-0.21,0
8.969,-0.21,0
8.972,-0.21,0
8.975,-0.215,0
8.978,-0.225,0
8.981,-0.21,0
8.983,-0.18,0
8.986,-0.17,0
8.989,-0.185,0
8.992,-0.24,0
8.994,-0.255,0
8.997,-0.255,0
9,-0.27,0
9.003,-0.275,0
9.006,-0.285,0
9.008,-0.3,0
9.011,-0.3,0
9.014,-0.315,0
9.017,-0.305,0
9.019,-0.3,0
9.022,-0.295,0
9.025,-0.3,0
9.028,-0.315,0
9.031,-0.31,0
9.033,-0.31,0
9.036,-0.3,0
9.039,-0.3,0
9.042,-0.305,0
9.044,-0.315,0
9.047,-0.325,0
9.05,-0.32,0
9.053,-0.32,0
9.056,-0.32,0
9.058,-0.325,0
9.061,-0.34,0
9.064,-0.335,0
9.067,-0.325,0
9.069,-0.315,0
9.072,-0.32,0
9.075,-0.345,0
9.078,-0.37,0
9.081,-0.395,0
9.083,-0.425,0
9.086,-0.445,0
9.089,-0.465,0
9.092,-0.51,0
9.094,-0.53,0
9.097,-0.485,0
9.1,-0.37,0
9.103,-0.235,0
9.106,-0.09,0
9.108,0.105,0
9.111,0.375,0
9.114,0.655,0
9.117,0.82,0
9.119,0.865,0
9.122,0.735,0
9.125,0.45,0
9.128,0.06,0
9.131,-0.27,0
9.133,-0.43,0
9.136,-0.46,0
9.139,-0.415,0
9.142,-0.385,0
9.144,-0.365,0
9.147,-0.355,0
9.15,-0.355,0
9.153,-0.345,0
9.156,-0.35,0
9.158,-0.35,0
9.161,-0.36,0
9.164,-0.345,0
9.167,-0.34,0
9.169,-0.34,0
9.172,-0.335,0
9.175,-0.335,0
9.178,-0.355,0
9.181,-0.345,0
9.183,-0.34,0
9.186,-0.335,0
9.189,-0.34,0
9.192,-0.35,0
9.194,-0.365,0
9.197,-0.36,0
9.2,-0.365,0
9.203,-0.35,0
9.206,-0.345,0
9.208,-0.365,0
9.211,-0.36,0
9.214,-0.35,0
9.217,-0.355,0
9.219,-0.35,0
9.222,-0.355,0
9.225,-0.35,0
9.228,-0.36,0
9.231,-0.335,0
9.233,-0.335,0
9.236,-0.33,0
9.239,-0.34,0
9.242,-0.35,0
9.244,-0.35,0
9.247,-0.345,0
9.25,-0.335,0
9.253,-0.345,0
9.256,-0.355,0
9.258,-0.355,0
9.261,-0.37,0
9.264,-0.355,0
9.267,-0.35,0
9.269,-0.345,0
9.272,-0.365,0
9.275,-0.365,0
9.278,-0.37,0
9.281,-0.365,0
9.283,-0.355,0
9.286,-0.345,0
9.289,-0.345,0
9.292,-0.345,0
9.294,-0.34,0
9.297,-0.335,0
9.3,-0.325,0
9.303,-0.335,0
9.306,-0.345,0
9.308,-0.35,0
9.311,-0.35,0
9.314,-0.355,0
9.317,-0.355,0
9.319,-0.36,0
9.322,-0.35,0
9.325,-0.36,0
9.328,-0.365,0
9.331,-0.345,0
9.333,-0.345,0
9.336,-0.33,0
9.339,-0.35,0
9.342,-0.345,0
9.344,-0.355,0
9.347,-0.35,0
9.35,-0.34,0
9.353,-0.335,0
9.356,-0.35,0
9.358,-0.365,0
9.361,-0.38,0
9.364,-0.385,0
9.367,-0.355,0
9.369,-0.36,0
9.372,-0.355,0
9.375,-0.37,0
9.378,-0.385,0
9.381,-0.37,0
9.383,-0.37,0
9.386,-0.35,0
9.389,-0.345,0
9.392,-0.365,0
9.394,-0.365,0
9.397,-0.36,0
9.4,-0.345,0
9.403,-0.33,0
9.406,-0.33,0
9.408,-0.33,0
9.411,-0.335,0
9.414,-0.315,0
9.417,-0.31,0
9.419,-0.285,0
9.422,-0.29,0
9.425,-0.29,0
9.428,-0.3,0
9.431,-0.28,0
9.433,-0.275,0
9.436,-0.26,0
9.439,-0.26,0
9.442,-0.27,0
9.444,-0.265,0
9.447,-0.255,0
9.45,-0.25,0
9.453,-0.245,0
9.456,-0.245,0
9.458,-0.255,0
9.461,-0.265,0
9.464,-0.26,0
9.467,-0.255,0
9.469,-0.24,0
9.472,-0.25,0
9.475,-0.255,0
9.478,-0.275,0
9.481,-0.275,0
9.483,-0.265,0
9.486,-0.27,0
9.489,-0.275,0
9.492,-0.28,0
9.494,-0.29,0
9.497,-0.28,0
9.5,-0.275,0
9.503,-0.27,0
9.506,-0.27,0
9.508,-0.28,0
9.511,-0.29,0
9.514,-0.28,0
9.517,-0.285,0
9.519,-0.275,0
9.522,-0.29,0
9.525,-0.28,0
9.528,-0.29,0
9.531,-0.28,0
9.533,-0.285,0
9.536,-0.275,0
9.539,-0.28,0
9.542,-0.295,0
9.544,-0.305,0
9.547,-0.3,0
9.55,-0.3,0
9.553,-0.305,0
9.556,-0.315,0
9.558,-0.32,0
9.561,-0.31,0
9.564,-0.31,0
9.567,-0.3,0
9.569,-0.31,0
9.572,-0.31,0
9.575,-0.32,0
9.578,-0.325,0
9.581,-0.31,0
9.583,-0.32,0
9.586,-0.31,0
9.589,-0.31,0
9.592,-0.315,0
9.594,-0.325,0
9.597,-0.315,0
9.6,-0.305,0
9.603,-0.315,0
9.606,-0.31,0
9.608,-0.32,0
9.611,-0.325,0
9.614,-0.325,0
9.617,-0.32,0
9.619,-0.305,0
9.622,-0.305,0
9.625,-0.3,0
9.628,-0.315,0
9.631,-0.3,0
9.633,-0.31,0
9.636,-0.315,0
9.639,-0.305,0
9.642,-0.31,0
9.644,-0.32,0
9.647,-0.31,0
9.65,-0.3,0
9.653,-0.295,0
9.656,-0.3,0
9.658,-0.315,0
9.661,-0.325,0
9.664,-0.325,0
9.667,-0.305,0
9.669,-0.31,0
9.672,-0.29,0
9.675,-0.315,0
9.678,-0.325,0
9.681,-0.32,0
9.683,-0.29,0
9.686,-0.28,0
9.689,-0.26,0
9.692,-0.26,0
9.694,-0.265,0
9.697,-0.26,0
9.7,-0.25,0
9.703,-0.23,0
9.706,-0.22,0
9.708,-0.22,0
9.711,-0.235,0
9.714,-0.22,0
9.717,-0.205,0
9.719,-0.205,0
9.722,-0.21,0
9.725,-0.21,0
9.728,-0.23,0
9.731,-0.24,0
9.733,-0.23,0
9.736,-0.225,0
9.739,-0.235,0
9.742,-0.25,0
9.744,-0.265,0
9.747,-0.26,0
9.75,-0.245,0
9.753,-0.215,0
9.756,-0.215,0
9.758,-0.245,0
9.761,-0.28,0
9.764,-0.275,0
9.767,-0.275,0
9.769,-0.295,0
9.772,-0.31,0
9.775,-0.325,0
9.778,-0.34,0
9.781,-0.34,0
9.783,-0.325,0
9.786,-0.315,0
9.789,-0.31,0
9.792,-0.315,0
9.794,-0.33,0
9.797,-0.33,0
9.8,-0.325,0
9.803,-0.325,0
9.806,-0.335,0
9.808,-0.345,0
9.811,-0.35,0
9.814,-0.35,0
9.817,-0.35,0
9.819,-0.345,0
9.822,-0.35,0
9.825,-0.365,0
9.828,-0.36,0
9.831,-0.35,0
9.833,-0.355,0
9.836,-0.345,0
9.839,-0.345,0
9.842,-0.35,0
9.844,-0.365,0
9.847,-0.38,0
9.85,-0.405,0
9.853,-0.425,0
9.856,-0.44,0
9.858,-0.47,0
9.861,-0.52,0
9.864,-0.54,0
9.867,-0.49,0
9.869,-0.39,0
9.872,-0.26,0
9.875,-0.115,0
9.878,0.085,0
9.881,0.36,0
9.883,0.615,0
9.886,0.78,0
9.889,0.835,0
9.892,0.72,0
9.894,0.41,0
9.897,0.03,0
9.9,-0.255,0
9.903,-0.415,0
9.906,-0.47,0
9.908,-0.465,0
9.911,-0.435,0
9.914,-0.395,0
9.917,-0.375,0
9.919,-0.37,0
9.922,-0.375,0
9.925,-0.375,0
9.928,-0.39,0
9.931,-0.4,0
9.933,-0.38,0
9.936,-0.385,0
9.939,-0.385,0
9.942,-0.385,0
9.944,-0.385,0
9.947,-0.37,0
9.95,-0.37,0
9.953,-0.36,0
9.956,-0.38,0
9.958,-0.38,0
9.961,-0.385,0
9.964,-0.37,0
9.967,-0.37,0
9.969,-0.365,0
9.972,-0.375,0
9.975,-0.385,0
9.978,-0.39,0
9.981,-0.39,0
9.983,-0.385,0
9.986,-0.385,0
9.989,-0.395,0
9.992,-0.39,0
9.994,-0.4,0
9.997,-0.405,0
10,-0.39,0
10.003,-0.395,0
10.006,-0.39,0
10.008,-0.405,0
10.011,-0.405,0
10.014,-0.4,0
10.017,-0.375,0
10.019,-0.38,0
10.022,-0.39,0
10.025,-0.395,0
10.028,-0.395,0
10.031,-0.39,0
10.033,-0.39,0
10.036,-0.385,0
10.039,-0.405,0
10.042,-0.4,0
10.044,-0.405,0
10.047,-0.395,0
10.05,-0.39,0
10.053,-0.395,0
10.056,-0.39,0
10.058,-0.4,0
10.061,-0.405,0
10.064,-0.405,0
10.067,-0.39,0
10.069,-0.39,0
10.072,-0.395,0
10.075,-0.4,0
10.078,-0.4,0
10.081,-0.395,0
10.083,-0.38,0
10.086,-0.37,0
10.089,-0.38,0
10.092,-0.385,0
10.094,-0.395,0
10.097,-0.39,0
10.1,-0.38,0
10.103,-0.38,0
10.106,-0.385,0
10.108,-0.39,0
10.111,-0.39,0
10.114,-0.4,0
10.117,-0.4,0
10.119,-0.405,0
10.122,-0.415,0
10.125,-0.42,0
10.128,-0.43,0
10.131,-0.43,0
10.133,-0.425,0
10.136,-0.42,0
10.139,-0.43,0
10.142,-0.445,0
10.144,-0.465,0
10.147,-0.455,0
10.15,-0.44,0
10.153,-0.425,0
10.156,-0.435,0
10.158,-0.45,0
10.161,-0.44,0
10.164,-0.445,0
10.167,-0.425,0
10.169,-0.425,0
10.172,-0.425,0
10.175,-0.43,0
10.178,-0.43,0
10.181,-0.415,0
10.183,-0.415,0
10.186,-0.385,0
10.189,-0.375,0
10.192,-0.385,0
10.194,-0.37,0
10.197,-0.36,0
10.2,-0.35,0
10.203,-0.335,0
10.206,-0.335,0
10.208,-0.325,0
10.211,-0.32,0
10.214,-0.325,0
10.217,-0.305,0
10.219,-0.295,0
10.222,-0.3,0
10.225,-0.29,0
10.228,-0.295,0
10.231,-0.29,0
10.233,-0.29,0
10.236,-0.285,0
10.239,-0.285,0
10.242,-0.285,0
10.244,-0.29,0
10.247,-0.29,0
10.25,-0.285,0
10.253,-0.27,0
10.256,-0.27,0
10.258,-0.28,0
10.261,-0.29,0
10.264,-0.285,0
10.267,-0.275,0
10.269,-0.275,0
10.272,-0.275,0
10.275,-0.29,0
10.278,-0.305,0
10.281,-0.305,0
10.283,-0.3,0
10.286,-0.28,0
10.289,-0.29,0
10.292,-0.305,0
10.294,-0.315,0
10.297,-0.31,0
10.3,-0.295,0
10.303,-0.29,0
10.306,-0.3,0
10.308,-0.305,0
10.311,-0.305,0
10.314,-0.31,0
10.317,-0.3,0
10.319,-0.295,0
10.322,-0.305,0
10.325,-0.305,0
10.328,-0.315,0
10.331,-0.31,0
10.333,-0.31,0
10.336,-0.295,0
10.339,-0.3,0
10.342,-0.305,0
10.344,-0.31,0
10.347,-0.305,0
10.35,-0.305,0
10.353,-0.295,0
10.356,-0.3,0
10.358,-0.315,0
10.361,-0.325,0
10.364,-0.32,0
10.367,-0.32,0
10.369,-0.315,0
10.372,-0.31,0
10.375,-0.325,0
10.378,-0.335,0
10.381,-0.33,0
10.383,-0.32,0
10.386,-0.32,0
10.389,-0.31,0
10.392,-0.33,0
10.394,-0.33,0
10.397,-0.325,0
10.4,-0.31,0
10.403,-0.305,0
10.406,-0.305,0
10.408,-0.32,0
10.411,-0.33,0
10.414,-0.325,0
10.417,-0.3,0
10.419,-0.31,0
10.422,-0.305,0
10.425,-0.315,0
10.428,-0.33,0
10.431,-0.33,0
10.433,-0.33,0
10.436,-0.32,0
10.439,-0.325,0
10.442,-0.325,0
10.444,-0.335,0
10.447,-0.325,0
10.45,-0.315,0
10.453,-0.31,0
10.456,-0.315,0
10.458,-0.32,0
10.461,-0.325,0
10.464,-0.315,0
10.467,-0.31,0
10.469,-0.305,0
10.472,-0.31,0
10.475,-0.315,0
10.478,-0.32,0
10.481,-0.315,0
10.483,-0.31,0
10.486,-0.295,0
10.489,-0.295,0
10.492,-0.305,0
10.494,-0.31,0
10.497,-0.3,0
10.5,-0.28,0
10.503,-0.275,0
10.506,-0.265,0
10.508,-0.275,0
10.511,-0.275,0
10.514,-0.26,0
10.517,-0.24,0
10.519,-0.24,0
10.522,-0.235,0
10.525,-0.24,0
10.528,-0.235,0
10.531,-0.225,0
10.533,-0.215,0
10.536,-0.205,0
10.539,-0.205,0
10.542,-0.21,0
10.544,-0.215,0
10.547,-0.22,0
10.55,-0.22,0
10.553,-0.215,0
10.556,-0.22,0
10.558,-0.22,0
10.561,-0.23,0
10.564,-0.23,0
10.567,-0.24,0
10.569,-0.21,0
10.572,-0.22,0
10.575,-0.23,0
10.578,-0.255,0
10.581,-0.235,0
10.583,-0.21,0
10.586,-0.19,0
10.589,-0.205,0
10.592,-0.225,0
10.594,-0.26,0
10.597,-0.275,0
10.6,-0.28,0
10.603,-0.285,0
10.606,-0.305,0
10.608,-0.32,0
10.611,-0.315,0
10.614,-0.335,0
10.617,-0.325,0
10.619,-0.335,0
10.622,-0.32,0
10.625,-0.325,0
10.628,-0.32,0
10.631,-0.325,0
10.633,-0.325,0
10.636,-0.31,0
10.639,-0.305,0
10.642,-0.32,0
10.644,-0.32,0
10.647,-0.33,0
10.65,-0.32,0
10.653,-0.32,0
10.656,-0.33,0
10.658,-0.33,0
10.661,-0.36,0
10.664,-0.355,0
10.667,-0.33,0
10.669,-0.325,0
10.672,-0.325,0
10.675,-0.335,0
10.678,-0.35,0
10.681,-0.34,0
10.683,-0.345,0
10.686,-0.355,0
10.689,-0.385,0
10.692,-0.425,0
10.694,-0.45,0
10.697,-0.47,0
10.7,-0.485,0
10.703,-0.51,0
10.706,-0.515,0
10.708,-0.455,0
10.711,-0.325,0
10.714,-0.165,0
10.717,0.01,0
10.719,0.25,0
10.722,0.515,0
10.725,0.74,0
10.728,0.885,0
10.731,0.935,0
