0.052642,0.027045,-0.19097,-0.16816,-0.25265,-0.3275,-0.38724,-0.42787,-0.46915,-0.57618,-0.62873,-0.69173,-0.67369,-0.76476,-0.75367,-0.84693,-0.85683,-0.91742,-0.86711,-0.9558,-1.0571,-0.99215,-0.99474,-1.021,-1.0171,-1.0021,-1.0065,-0.91888,-0.91516,-0.91003,-0.91749,-0.95727,-0.84294,-0.77281,-0.73767,-0.74282,-0.74292,-0.58318,-0.55227,-0.4704,-0.42576,-0.31719,-0.35006,-0.2414,-0.098654,-0.058798,-0.1325,0.00011685,0.049951,0.082934,0.22183,0.2803,0.31919,0.38207,0.44121,0.49317,0.57463,0.6389,0.71549,0.72167,0.7281,0.85096,0.81432,0.93191,0.92221,0.9693,0.97007,1.0649,0.96181,0.97198,0.99289,0.95985,1.0864,1.013,1.0379,0.95736,1.0093,0.94992,0.89171,0.92378,0.89408,0.78582,0.73114,0.66103,0.72013,0.54861,0.57705,0.36884,0.33908,0.45867,0.21373,0.23939,0.080377,0.070609,0.058664
0.044028,-0.19916,-0.19878,-0.23707,-0.34443,-0.46231,-0.2709,-0.467,-0.63576,-0.66135,-0.66981,-0.80568,-0.83537,-0.86587,-0.90361,-0.8846,-0.94486,-0.95503,-0.95387,-0.93744,-1.0293,-0.97237,-0.94569,-1.0237,-0.86192,-0.90176,-0.84289,-0.88312,-0.86168,-0.68621,-0.71566,-0.59715,-0.50425,-0.5899,-0.47041,-0.31565,-0.34713,-0.32011,-0.067568,-0.078557,0.055144,0.17739,0.15915,0.28779,0.44054,0.45553,0.48675,0.52205,0.5706,0.72121,0.7472,0.74183,0.82003,0.85866,0.95624,0.99783,0.88202,0.90581,1.0896,1.0825,0.95623,1.0211,1.06,0.94933,0.96358,0.86545,0.83573,0.73163,0.87078,0.65796,0.63603,0.58178,0.51696,0.38117,0.4121,0.27809,0.27002,0.12734,0.038292,0.032054
-0.040754,-0.064944,-0.16495,-0.17966,-0.27634,-0.23244,-0.31381,-0.42385,-0.53939,-0.51574,-0.57806,-0.64696,-0.78271,-0.73225,-0.78425,-0.75306,-0.81923,-0.82248,-0.88524,-0.86466,-0.93237,-0.9612,-0.99794,-1.0062,-1.0751,-1.0918,-0.96853,-0.99729,-0.95328,-0.9612,-0.9729,-0.86582,-0.89968,-0.97676,-0.95728,-0.88521,-0.82047,-0.73037,-0.66987,-0.66807,-0.60975,-0.55853,-0.51057,-0.376,-0.35498,-0.33465,-0.28657,-0.28062,-0.13945,-0.17198,-0.011616,0.08954,0.069592,0.086744,0.16736,0.3082,0.2303,0.26229,0.4127,0.46415,0.49587,0.58351,0.69576,0.66802,0.65082,0.69834,0.77395,0.82724,0.86102,0.94297,0.88542,0.90278,0.9026,0.93095,0.89354,0.97621,1.0121,0.98205,0.97774,1.0001,1.0079,0.9144,0.92015,0.84267,0.81344,0.89217,0.84419,0.70788,0.78287,0.69103,0.6957,0.52717,0.65042,0.51864,0.4865,0.40925,0.3394,0.27095,0.22488,0.15105,0.065838,0.040201,-0.022545
0.011625,-0.080287,-0.2131,-0.1632,-0.23996,-0.28009,-0.25657,-0.43051,-0.39966,-0.50584,-0.53311,-0.61651,-0.64996,-0.65077,-0.67404,-0.69195,-0.7036,-0.78712,-0.82065,-0.81006,-0.91504,-0.79064,-1.0027,-0.99369,-1.0254,-0.95381,-0.99093,-1.1018,-0.99981,-1.0345,-0.9664,-0.9531,-1.0084,-1.0076,-0.86899,-0.87678,-0.93061,-0.84535,-0.88202,-0.90501,-0.82745,-0.79753,-0.65788,-0.64915,-0.6375,-0.64863,-0.62749,-0.51318,-0.48153,-0.3194,-0.29164,-0.24784,-0.19436,-0.20234,-0.15759,-0.1332,-0.15085,-0.0044062,0.059726,0.20663,0.12642,0.30121,0.29764,0.32054,0.35218,0.47373,0.43933,0.64958,0.57624,0.64406,0.64031,0.68249,0.78348,0.74078,0.94429,0.81349,0.87209,0.92286,0.94315,0.90511,0.94518,1.069,0.92816,0.89849,0.93799,1.0417,1.1018,0.96342,1.0903,0.95718,1.0089,0.995,0.92037,0.90079,0.85433,0.78934,0.91905,0.72286,0.73678,0.78624,0.66269,0.56544,0.58499,0.51713,0.50052,0.40447,0.39407,0.33001,0.25965,0.15828,0.11454,-0.0062629,0.11478,0.017203
-0.0014699,-0.19339,-0.11831,-0.15513,-0.22209,-0.163,-0.3872,-0.39212,-0.40424,-0.56354,-0.47354,-0.52947,-0.57035,-0.67485,-0.76908,-0.72055,-0.87395,-0.83488,-0.82047,-0.88462,-0.81414,-0.91942,-0.94693,-0.93788,-0.95635,-1.0628,-1.0664,-0.96341,-0.89865,-0.93336,-1.0401,-1.0182,-0.92452,-0.88899,-0.98325,-0.97037,-0.86707,-0.96914,-0.77904,-0.75714,-0.7809,-0.69077,-0.63771,-0.69568,-0.52403,-0.48878,-0.44809,-0.51366,-0.3625,-0.37726,-0.21803,-0.26792,-0.17793,-0.17459,-0.057208,-0.012531,0.07948,0.11895,0.090651,0.14432,0.28989,0.3987,0.37705,0.45234,0.48796,0.51058,0.49575,0.67771,0.67295,0.70136,0.7069,0.85069,0.75185,0.85707,0.87818,0.90122,0.94365,0.89466,0.9639,0.97254,0.91429,0.98209,0.95711,1.0009,1.0303,0.956,1.019,0.89278,0.96948,0.88645,1.0004,0.8563,0.85064,0.93361,0.7899,0.76968,0.7047,0.81193,0.61383,0.63447,0.6187,0.50352,0.47241,0.4627,0.46159,0.32815,0.30456,0.2799,0.24542,0.18449,0.0033584,0.090162
0.015179,-0.1072,-0.12464,-0.17978,-0.32253,-0.40178,-0.56965,-0.50067,-0.47321,-0.61719,-0.72686,-0.91142,-0.92786,-0.9251,-0.99601,-0.89775,-0.96694,-1.0223,-1.0469,-0.92757,-1.0441,-0.99997,-0.84069,-1.0158,-0.92875,-0.8962,-0.76269,-0.75614,-0.75452,-0.72983,-0.60354,-0.53516,-0.49958,-0.43571,-0.33304,-0.3296,-0.13024,-0.10299,0.069484,0.12325,0.15766,0.27317,0.30346,0.45047,0.45686,0.56705,0.59811,0.72082,0.66625,0.81233,0.81006,0.85151,0.86288,1.034,1.0534,1.0244,1.0262,0.96711,1.0695,1.0027,0.98155,0.94007,0.91519,0.88825,0.83294,0.88281,0.70916,0.73187,0.68851,0.51166,0.46214,0.4332,0.31513,0.1989,0.12516,0.007352,-0.025751
-0.11235,-0.06277,-0.10314,-0.22749,-0.26067,-0.40777,-0.47903,-0.37856,-0.60027,-0.72336,-0.70782,-0.77563,-0.80056,-0.80939,-0.9553,-0.96726,-0.89496,-1.0067,-1.0083,-0.94871,-0.94859,-0.89732,-0.98528,-0.92621,-0.92904,-0.87495,-0.88067,-0.78752,-0.76772,-0.71771,-0.74193,-0.55088,-0.51181,-0.43749,-0.37645,-0.2695,-0.20819,-0.099203,-0.1763,0.052757,0.15359,0.21427,0.26024,0.50431,0.36238,0.4883,0.53906,0.623,0.73777,0.74932,0.74575,0.88367,0.83805,0.89641,0.98204,1.0265,1.0143,0.91728,1.0447,0.97901,0.939,0.96911,0.95256,1.0032,0.92917,0.83303,0.78745,0.72052,0.72444,0.5947,0.60446,0.52283,0.39005,0.36501,0.25919,0.15697,0.15645,-0.051966
0.06823,-0.064965,-0.18162,-0.16575,-0.25609,-0.39225,-0.36272,-0.39344,-0.4208,-0.40693,-0.5717,-0.60322,-0.75986,-0.71439,-0.71692,-0.78182,-0.72285,-0.9125,-0.92261,-0.87911,-0.88189,-0.97615,-0.905,-0.89339,-1.0091,-0.989,-0.99674,-1.0039,-1.028,-0.928,-0.99418,-1.0044,-0.8133,-0.8878,-0.90905,-0.75449,-0.71299,-0.78053,-0.71844,-0.72879,-0.59028,-0.41158,-0.50945,-0.48745,-0.39395,-0.40039,-0.26701,-0.29737,-0.10144,-0.070778,-0.032989,0.016983,-0.068616,0.17193,0.14095,0.3071,0.33073,0.40622,0.46969,0.48798,0.48019,0.67916,0.73201,0.71644,0.80859,0.82559,0.90933,0.84076,0.92667,0.93109,0.8994,0.90977,0.91499,0.98771,0.98329,0.98644,0.94491,1.0496,0.93515,0.96063,1.064,0.86364,0.90432,0.84517,0.88965,0.81656,0.79753,0.74638,0.76107,0.6446,0.70181,0.62936,0.58967,0.49544,0.55547,0.33682,0.25003,0.26784,0.21383,0.14396,0.038741,-0.062201
-0.011468,-0.0099452,-0.021543,-0.20831,-0.25319,-0.25111,-0.38206,-0.31275,-0.40689,-0.56805,-0.50808,-0.59211,-0.65486,-0.6393,-0.73952,-0.86054,-0.83292,-0.83012,-0.84086,-0.85069,-0.85666,-0.97776,-0.90433,-0.88862,-0.90426,-1.0041,-0.94574,-1.0449,-0.92432,-0.97653,-0.85958,-0.92338,-1.0107,-0.98722,-0.95376,-0.95243,-0.82461,-0.87407,-0.92103,-0.8286,-0.79159,-0.68666,-0.62283,-0.59374,-0.49589,-0.53128,-0.5135,-0.37116,-0.33154,-0.34838,-0.22204,-0.17342,-0.1169,-0.11478,0.0080186,0.054115,0.059962,0.17662,0.32934,0.24377,0.22603,0.34776,0.46307,0.48438,0.49328,0.53231,0.64586,0.66515,0.76685,0.86255,0.78055,0.81625,0.90929,0.91913,0.92913,0.90933,0.95701,1.0563,0.96027,0.93181,1.0044,0.97279,1.0422,1.071,1.018,0.94891,0.9173,0.99846,0.84788,0.85932,0.9299,0.82048,0.8536,0.7828,0.72415,0.72455,0.5443,0.62162,0.61515,0.52174,0.4235,0.38939,0.28715,0.20768,0.15996,0.074075,0.15802,0.024275,-0.0043038
0.0227,-0.19107,-0.11819,-0.25606,-0.25607,-0.27953,-0.39223,-0.39884,-0.54762,-0.58709,-0.53282,-0.67922,-0.73468,-0.62105,-0.75401,-0.90969,-0.82656,-0.88379,-0.91597,-0.91773,-0.99675,-0.95373,-0.98955,-0.99217,-1.0013,-0.98653,-1.0167,-0.98339,-0.93381,-0.96841,-0.96708,-0.91577,-0.77751,-0.85227,-0.79515,-0.73956,-0.74706,-0.73745,-0.67252,-0.55893,-0.44641,-0.33042,-0.44853,-0.35519,-0.29328,-0.19067,-0.10673,-0.076683,-0.055176,0.0055249,0.14614,0.15372,0.18769,0.32806,0.27483,0.49068,0.48884,0.59745,0.53585,0.67025,0.71265,0.72481,0.77239,0.77065,0.82675,0.91572,0.91007,0.9741,0.96101,1.0419,1.0481,0.8936,0.96144,0.95395,0.97451,0.9612,0.93465,0.97097,0.8956,0.77974,0.89253,0.87263,0.92521,0.81312,0.72341,0.70579,0.5905,0.52187,0.46648,0.40498,0.3651,0.29961,0.23366,0.10944,0.17384,0.048402,0.050401
-0.072297,-0.16736,-0.17577,-0.19437,-0.30507,-0.38872,-0.56856,-0.45291,-0.51643,-0.65801,-0.69792,-0.7023,-0.66637,-0.92878,-0.8219,-0.83461,-0.92745,-0.95953,-1.0011,-1.1027,-0.98227,-1.0435,-0.99118,-1.0129,-1.0337,-1.01,-0.99606,-1.0202,-0.80632,-0.82068,-0.82346,-0.76958,-0.75284,-0.6813,-0.68638,-0.60564,-0.45636,-0.41806,-0.37614,-0.23105,-0.18017,-0.12794,-0.11505,0.078506,-0.026545,0.084465,0.17539,0.3137,0.36902,0.45926,0.49417,0.57597,0.60136,0.64808,0.59604,0.79827,0.7552,0.85619,0.80226,0.93116,0.90833,0.91186,1.026,0.94742,0.97027,1.0674,0.90758,1.0299,0.96479,0.93869,0.91791,0.85981,0.79791,0.82153,0.78651,0.7565,0.61447,0.55721,0.50584,0.52347,0.46461,0.28928,0.26295,0.17021,0.10035,0.016329,-0.13362
-0.041869,-0.041998,-0.1244,-0.072946,-0.19079,-0.25479,-0.25585,-0.37369,-0.38589,-0.48463,-0.43057,-0.55057,-0.59523,-0.61243,-0.54818,-0.65355,-0.78541,-0.85441,-0.7987,-0.71208,-0.87478,-0.83493,-0.83497,-0.99039,-0.91728,-0.97966,-0.98838,-0.94311,-1.0685,-1.0398,-0.95723,-1.0508,-1.0036,-0.97748,-0.94564,-0.98564,-0.99923,-0.95747,-0.93598,-0.92591,-0.79554,-0.79858,-0.88404,-0.77176,-0.70105,-0.6362,-0.62407,-0.60882,-0.50786,-0.4557,-0.56767,-0.35471,-0.40071,-0.34516,-0.27188,-0.16243,-0.14289,-0.060901,0.016096,0.069237,0.10986,0.069347,0.17836,0.24756,0.31352,0.3622,0.45342,0.37427,0.52053,0.49454,0.62307,0.62711,0.67842,0.72275,0.83537,0.8016,0.7639,0.71601,0.85855,0.87268,0.99524,0.93995,0.92357,0.98755,0.9958,1.0574,1.003,0.98409,0.97195,0.99186,0.94427,0.94418,1.0035,1.0034,0.81997,0.93392,0.90988,0.8074,0.93091,0.92383,0.88736,0.81742,0.71276,0.73644,0.68597,0.47097,0.4656,0.49284,0.46161,0.40429,0.30534,0.37984,0.25751,0.20424,0.11874,0.18094,0.075214,-0.10461
-0.016206,-0.11625,-0.083103,-0.25811,-0.2803,-0.29296,-0.34181,-0.39312,-0.4459,-0.48528,-0.67039,-0.60654,-0.57741,-0.74372,-0.80166,-0.8204,-0.85167,-0.94455,-0.94318,-0.9749,-0.95214,-0.98674,-0.91921,-0.9902,-1.0825,-1.0306,-0.98339,-1.0633,-1.0361,-0.95867,-0.93503,-0.98474,-0.88488,-0.96183,-0.88143,-0.86963,-0.93117,-0.76208,-0.74823,-0.70358,-0.62446,-0.646,-0.5314,-0.39243,-0.41869,-0.43238,-0.33846,-0.21998,-0.20445,-0.16988,-0.076105,-0.051162,0.053063,0.031762,0.13923,0.24064,0.32706,0.27999,0.33482,0.48938,0.53599,0.51297,0.59782,0.64888,0.58021,0.69593,0.73948,0.83855,0.91663,0.9521,0.8912,0.92979,0.93769,0.90961,0.89076,0.97236,0.97661,1.0419,0.95337,1.0599,0.98632,0.98098,0.96073,0.8734,0.94255,0.94659,0.74603,0.87563,0.72703,0.71897,0.71858,0.71054,0.61709,0.56508,0.53069,0.51744,0.39227,0.36324,0.29068,0.20367,0.12201,0.047011,0.060688,0.010157
-0.0025253,-0.11014,-0.11486,-0.21537,-0.22518,-0.3123,-0.43191,-0.40144,-0.51664,-0.61203,-0.61565,-0.64916,-0.67379,-0.69161,-0.73834,-0.86652,-0.81289,-0.90526,-0.9181,-0.96147,-0.91851,-0.99742,-0.90414,-1.0038,-0.89439,-0.97308,-0.97506,-0.97277,-0.97489,-0.91218,-1.0197,-0.96782,-0.90669,-0.83716,-0.84911,-0.85034,-0.78793,-0.71895,-0.64992,-0.60689,-0.53043,-0.42592,-0.41101,-0.39691,-0.33789,-0.23248,-0.1774,-0.082391,-0.064082,0.024095,-0.0015008,0.070772,0.17111,0.20842,0.2781,0.44511,0.41893,0.4882,0.59948,0.63926,0.64374,0.63637,0.78171,0.8048,0.86956,0.83896,0.79631,0.91657,0.97703,0.92175,1.0251,0.9685,0.99218,1.0218,1.0159,0.89843,0.97565,1.0696,0.94995,0.83344,0.85413,0.98286,0.88317,0.82848,0.74829,0.75926,0.64141,0.67599,0.51783,0.56384,0.43555,0.31615,0.40551,0.24096,0.30207,0.139,0.16323,0.025652,0.05352
0.10537,-0.032693,-0.13588,-0.10384,-0.24429,-0.30194,-0.44052,-0.40887,-0.49383,-0.64921,-0.64249,-0.641,-0.70694,-0.75889,-0.84101,-0.82828,-0.80363,-0.81485,-0.90938,-0.98231,-0.93488,-1.0152,-0.98657,-0.95781,-0.95874,-0.97454,-1.0002,-0.99278,-1.0454,-0.92539,-0.86815,-0.88951,-0.81556,-0.78679,-0.81655,-0.70181,-0.69502,-0.63875,-0.5762,-0.53669,-0.52712,-0.36541,-0.30959,-0.3099,-0.304,-0.13592,-0.093678,-0.1011,0.14403,-0.022853,0.1959,0.21565,0.27623,0.32531,0.38333,0.47049,0.54321,0.64299,0.62333,0.65772,0.65365,0.76686,0.81907,0.84095,0.8951,0.86551,1.033,0.95477,0.92776,0.98179,1.0032,0.9949,0.99127,0.95317,0.97139,0.95479,0.96071,0.97304,0.93293,0.84191,0.85949,0.83632,0.76612,0.68801,0.73235,0.69438,0.68733,0.54619,0.54797,0.41792,0.35789,0.4269,0.21927,0.25998,0.12625,0.074891,-0.036872
0.039941,-0.025128,-0.12756,-0.13252,-0.28759,-0.48754,-0.3846,-0.42497,-0.49316,-0.5838,-0.61106,-0.73444,-0.77054,-0.86168,-0.8694,-0.8495,-0.82794,-0.83126,-0.98271,-0.98267,-1.014,-1.0209,-1.0324,-0.99111,-0.95273,-1.0373,-0.88471,-0.9511,-0.87707,-0.83397,-0.88715,-0.78373,-0.81535,-0.67406,-0.63435,-0.6482,-0.47553,-0.35055,-0.44363,-0.30276,-0.33022,-0.20333,-0.19624,-0.072656,0.11783,0.13433,0.079021,0.20921,0.32901,0.36705,0.47758,0.41857,0.47291,0.61157,0.65442,0.7588,0.6895,0.76127,0.85649,0.8722,0.94866,0.91896,1.0093,0.98678,1.0224,1.0378,1.0083,0.97022,0.95007,1.069,0.9573,0.93281,0.94712,0.90346,0.79967,0.87442,0.78323,0.73723,0.61865,0.63794,0.65489,0.4916,0.45347,0.32931,0.23429,0.21546,0.10713,-0.0098965,0.0094438
0.030386,-0.0078253,-0.086026,-0.19691,-0.22353,-0.25094,-0.51374,-0.42107,-0.52442,-0.50811,-0.62091,-0.68973,-0.71338,-0.75922,-0.69463,-0.84874,-0.76271,-0.86673,-0.98568,-0.90711,-0.94599,-0.94254,-1.0037,-0.97678,-1.0301,-1.0621,-1.007,-0.98266,-0.93459,-0.98306,-0.92806,-0.824,-0.80769,-0.85137,-0.79532,-0.81969,-0.79216,-0.71779,-0.68509,-0.59187,-0.48707,-0.47731,-0.39385,-0.37871,-0.24844,-0.28785,-0.2647,-0.098565,-0.022513,-0.10392,0.09706,0.11734,0.25839,0.21031,0.28868,0.52301,0.47889,0.48054,0.53535,0.51298,0.62523,0.68979,0.76038,0.78932,0.72527,0.89491,0.80547,0.93494,0.88926,0.94883,0.96609,0.98689,1.001,1.108,1.0756,1.0403,0.89483,0.92696,1.0079,0.95778,0.90074,0.9236,0.88803,0.90023,0.63685,0.75478,0.64446,0.71124,0.55237,0.57693,0.50459,0.39305,0.40101,0.38976,0.2754,0.23068,0.16401,0.0066784,0.0091346
0.0048323,-0.12771,-0.093969,-0.10477,-0.24955,-0.41551,-0.29858,-0.48125,-0.45576,-0.586,-0.73301,-0.61595,-0.72542,-0.70468,-0.80649,-0.78934,-0.88377,-0.87873,-0.82485,-0.93917,-1.014,-0.98184,-0.99859,-1.0021,-0.99358,-1.0052,-0.98302,-1.0023,-0.92786,-1.0002,-0.92824,-0.88547,-0.91872,-0.93943,-0.87801,-0.76924,-0.77936,-0.76601,-0.67252,-0.69841,-0.66711,-0.6308,-0.48444,-0.43047,-0.41037,-0.40333,-0.30464,-0.31016,-0.19083,-0.058644,-0.10975,-0.043443,0.055946,0.1647,0.2566,0.35386,0.28629,0.4343,0.32728,0.45785,0.46791,0.69974,0.56693,0.62883,0.71921,0.77747,0.87875,0.76633,0.82677,0.93629,0.84237,0.87967,0.9536,0.99811,0.99952,0.932,0.91579,1.0684,0.98701,0.91108,1.0027,0.98885,0.93971,1.0157,0.94127,0.90529,0.7768,0.7362,0.81972,0.68926,0.7342,0.6831,0.59812,0.54739,0.49579,0.44325,0.36144,0.21384,0.2432,0.13663,0.11085,0.11629,-0.032845
-0.02056,-0.073426,-0.054576,-0.26198,-0.18227,-0.26744,-0.30458,-0.48093,-0.43377,-0.36895,-0.5305,-0.46194,-0.6211,-0.60091,-0.69654,-0.71533,-0.75117,-0.77222,-0.77667,-0.8315,-0.76562,-0.90656,-0.93551,-0.89142,-0.93534,-1.027,-0.95916,-1.0632,-1.0531,-0.97015,-0.93552,-1.0012,-1.0029,-1.0208,-0.95285,-0.97342,-0.999,-0.95858,-0.8788,-0.83465,-0.79284,-0.7857,-0.8015,-0.80829,-0.72012,-0.69283,-0.64174,-0.56922,-0.53413,-0.51977,-0.49801,-0.48597,-0.37891,-0.22662,-0.29335,-0.28237,-0.1086,-0.16718,-0.10665,-0.056437,0.10226,0.072323,0.22005,0.12161,0.26656,0.33111,0.34664,0.4147,0.45633,0.54921,0.45115,0.61547,0.5743,0.58758,0.69104,0.75989,0.84619,0.73272,0.93239,0.93752,0.91654,0.94254,1.0337,0.96221,1.0377,0.90117,1.0361,1.048,0.99741,0.96932,1.0164,0.96545,1.0369,0.98307,0.91468,0.8929,0.93221,0.86159,0.84053,0.88122,0.88967,0.819,0.85875,0.75124,0.77345,0.72704,0.68515,0.65167,0.57669,0.49841,0.44408,0.45129,0.30468,0.32537,0.32852,0.2187,0.1638,0.043455,0.089603,-0.025139
-0.047549,-0.12496,-0.064141,-0.21547,-0.23009,-0.31282,-0.37283,-0.4178,-0.47281,-0.47562,-0.6458,-0.62982,-0.63042,-0.71897,-0.79344,-0.81795,-0.83847,-0.85127,-0.83887,-0.94547,-0.94414,-0.94196,-1.0383,-1.0537,-1.064,-0.99695,-0.92456,-1.0084,-0.8842,-0.94995,-1.003,-0.87501,-0.90211,-0.84083,-0.7851,-0.85251,-0.88456,-0.67065,-0.73659,-0.63101,-0.59621,-0.50661,-0.53127,-0.53847,-0.41137,-0.25401,-0.2815,-0.30079,-0.039294,-0.089012,-0.12274,0.010691,0.061319,0.1311,0.21622,0.23861,0.3157,0.35902,0.46082,0.55481,0.52183,0.66028,0.72185,0.76301,0.77152,0.7839,0.86735,0.86502,0.83288,1.0318,0.96805,0.93589,0.93083,1.0758,1.0032,1.0031,0.99534,0.96186,0.94153,0.97182,0.98784,0.89287,0.96315,0.9506,0.86763,0.78507,0.83644,0.70152,0.73522,0.61855,0.5808,0.64604,0.4099,0.43858,0.50159,0.37439,0.28999,0.22872,0.11697,0.085693,-0.0042606,-0.013645
0.032337,-0.10113,-0.2317,-0.23564,-0.26288,-0.34494,-0.36837,-0.47391,-0.71129,-0.61302,-0.66963,-0.82138,-0.7626,-0.86192,-0.90197,-1.0003,-0.98557,-0.94856,-0.91239,-1.0319,-1.0198,-1.0185,-0.95108,-0.95172,-1.0214,-1.021,-0.93749,-0.87272,-0.82175,-0.86111,-0.84566,-0.76027,-0.67743,-0.55857,-0.57442,-0.47551,-0.45518,-0.37882,-0.33412,-0.1686,-0.18871,-0.029897,-0.047113,0.1364,0.1615,0.25173,0.25587,0.38117,0.54167,0.47621,0.57357,0.62563,0.67816,0.68904,0.72958,0.91844,0.86225,0.85195,0.9046,0.95356,0.98322,0.96215,0.97147,1.0256,0.93134,1.0661,0.94067,0.95156,0.88373,0.95881,0.88214,0.79791,0.7258,0.80974,0.65481,0.69887,0.59084,0.48672,0.4211,0.35966,0.28046,0.24152,0.13135,0.11597,-0.058823
-0.11642,-0.10024,-0.13766,-0.11137,-0.23776,-0.28553,-0.36281,-0.45655,-0.51535,-0.56926,-0.55248,-0.5565,-0.63917,-0.74694,-0.72148,-0.75317,-0.73153,-0.89472,-0.9522,-0.89225,-0.94552,-0.89906,-1.0127,-1.0136,-0.92041,-0.98377,-1.0021,-1.0136,-0.95217,-1.0914,-0.93817,-0.96485,-0.85148,-0.95292,-0.86519,-0.8836,-0.85291,-0.8317,-0.68187,-0.59905,-0.60805,-0.60662,-0.62694,-0.42603,-0.49604,-0.39583,-0.43881,-0.3155,-0.24732,-0.1015,-0.042501,-0.056441,0.035104,0.091587,0.20318,0.17817,0.3285,0.31786,0.46931,0.45538,0.48756,0.58289,0.61101,0.64041,0.70225,0.83807,0.7863,0.6879,0.811,0.87881,0.9359,0.91607,0.94759,1.0218,0.9353,0.9743,0.99002,1.0469,0.99745,0.94799,1.0012,1.004,0.9126,0.99003,0.88454,0.82147,0.81042,0.78709,0.86024,0.71237,0.77207,0.68915,0.57142,0.57298,0.61534,0.45635,0.40061,0.35501,0.30145,0.32007,0.2217,0.12682,0.10789,0.020722
0.037174,-0.03667,-0.19202,-0.27615,-0.32316,-0.32624,-0.40877,-0.36452,-0.56155,-0.5979,-0.65111,-0.74007,-0.81799,-0.8386,-0.79766,-0.8729,-0.85745,-0.93367,-0.96164,-0.95347,-1.0265,-1.0157,-0.97835,-0.98948,-1.0721,-1.0038,-1.0399,-0.91132,-0.96116,-0.89309,-0.88439,-0.78223,-0.83545,-0.74997,-0.71757,-0.60835,-0.59172,-0.392,-0.46949,-0.32094,-0.28196,-0.24497,-0.13574,-0.10839,0.046183,0.044179,0.048801,0.21379,0.24252,0.28274,0.35928,0.53585,0.49371,0.5764,0.59324,0.58365,0.68013,0.80152,0.7965,0.87561,0.90678,0.98244,0.90017,0.96469,0.98222,1.0099,0.999,0.98271,1.1056,0.99732,0.95015,0.89994,0.91977,0.91071,0.95524,0.69074,0.7468,0.73256,0.74791,0.62463,0.6001,0.57883,0.48413,0.36785,0.3042,0.271,0.2105,0.064424,0.07927,0.012505
0.044931,-0.090241,-0.14454,-0.099529,-0.30653,-0.31988,-0.30093,-0.36372,-0.4954,-0.52026,-0.61576,-0.63496,-0.61324,-0.70508,-0.83254,-0.75011,-0.8762,-0.83979,-0.85108,-0.88913,-0.9765,-0.99165,-0.9367,-1.0353,-0.99703,-0.94918,-0.9841,-0.93551,-1.0155,-0.93309,-1.0116,-0.88817,-0.85325,-0.95447,-0.88548,-0.93787,-0.83634,-0.79565,-0.76361,-0.6415,-0.63156,-0.59936,-0.58723,-0.44634,-0.37791,-0.35727,-0.32044,-0.16322,-0.10202,-0.10847,-0.13547,0.057185,0.037514,0.047645,0.13588,0.2876,0.32679,0.35932,0.42167,0.43743,0.56261,0.55828,0.62325,0.70186,0.65799,0.81045,0.77541,0.91686,0.87862,0.83344,0.91686,0.97398,0.98053,0.84098,0.96994,0.95233,0.97609,0.92701,0.99165,1.0127,0.93708,0.94132,1.0333,0.83316,0.87897,0.84344,0.84883,0.77352,0.74683,0.82091,0.66767,0.69537,0.56835,0.4723,0.39887,0.42574,0.3145,0.27747,0.2093,0.16927,0.042729,0.066552,-0.023929
-0.055331,-0.010361,-0.15961,-0.15676,-0.27731,-0.35203,-0.37876,-0.34663,-0.51439,-0.47234,-0.60121,-0.64165,-0.72077,-0.77977,-0.80008,-0.79592,-0.91534,-0.92436,-0.91474,-0.87327,-0.98534,-0.91626,-1.0875,-0.94731,-1.096,-1.0217,-1.0187,-1.0049,-0.91892,-0.92701,-0.88987,-0.95431,-0.8549,-0.94163,-0.73356,-0.76753,-0.66495,-0.69291,-0.70091,-0.62911,-0.59149,-0.49299,-0.42317,-0.44568,-0.26423,-0.20582,-0.0020172,-0.11642,-0.047152,-0.017888,0.15012,0.18143,0.15688,0.2102,0.36159,0.26854,0.51417,0.51973,0.47536,0.63834,0.6856,0.79046,0.78471,0.79561,0.84072,0.94943,0.90257,0.93136,0.9232,0.92748,0.94421,1.0206,1.0357,0.94067,0.96108,0.9315,0.99768,0.85827,0.82507,0.94236,0.92482,0.84771,0.92601,0.82871,0.73302,0.72124,0.61456,0.6679,0.62635,0.58921,0.42122,0.4583,0.32574,0.31686,0.21976,0.23942,0.1854,0.026708,-0.086231
-0.10184,-0.066129,-0.072458,-0.18438,-0.34232,-0.30449,-0.40003,-0.40738,-0.48475,-0.65672,-0.66048,-0.69281,-0.71582,-0.80148,-0.76861,-0.84754,-0.89483,-0.93516,-0.99001,-0.92946,-1.0306,-0.93717,-1.0035,-1.03,-1.0083,-0.96363,-0.90207,-1.0164,-0.89354,-0.87853,-0.91887,-0.85277,-0.79995,-0.82117,-0.83693,-0.61814,-0.62057,-0.60214,-0.4474,-0.43229,-0.43854,-0.23098,-0.23873,-0.19346,-0.086706,-0.12343,0.076289,0.053993,0.19151,0.20119,0.13825,0.34626,0.3974,0.45646,0.54961,0.66677,0.62641,0.62032,0.72441,0.73098,0.79806,0.87756,0.81488,0.8978,0.96127,0.98308,1.0123,0.98391,1.0002,1.0008,0.95173,0.92471,0.94339,0.96911,0.96969,0.82465,0.84684,0.76397,0.93632,0.85605,0.69098,0.74355,0.7463,0.6053,0.40518,0.39995,0.41484,0.37941,0.29082,0.2192,0.10509,-0.011765,-0.066383
0.024983,-0.0062685,-0.18999,-0.16998,-0.21003,-0.33638,-0.33134,-0.29996,-0.40934,-0.45887,-0.45845,-0.64828,-0.59258,-0.65863,-0.70142,-0.74758,-0.78497,-0.86627,-0.85067,-0.94966,-0.9131,-1.0097,-0.88992,-0.8994,-0.88667,-0.97025,-0.98748,-0.9547,-1.0792,-1.0308,-0.92341,-1.0138,-1.0241,-0.91088,-1.0021,-0.85844,-0.9121,-0.83537,-0.87204,-0.85535,-0.82694,-0.83346,-0.70665,-0.69982,-0.5544,-0.56159,-0.52646,-0.46707,-0.49526,-0.45546,-0.33109,-0.25741,-0.27057,-0.16707,-0.21163,-0.068871,-0.021579,0.041668,0.083588,0.13806,0.20467,0.19628,0.22073,0.36752,0.38701,0.48465,0.50952,0.5991,0.63392,0.65048,0.70049,0.83357,0.65778,0.81947,0.89517,0.78979,0.84745,0.87975,0.93529,0.98632,0.9873,0.99414,0.98414,0.90504,1.0128,0.94684,0.97451,1.042,1.0422,0.89593,0.99348,0.84612,0.89161,0.85361,0.88984,0.83042,0.77107,0.77111,0.76352,0.73693,0.72141,0.63857,0.53368,0.51644,0.4963,0.35106,0.382,0.36653,0.29556,0.2834,0.1719,0.11435,0.14399,0.059455
0.0045154,-0.13331,-0.12063,-0.19019,-0.17289,-0.23657,-0.38272,-0.44775,-0.46942,-0.46602,-0.59489,-0.65991,-0.7147,-0.74277,-0.76084,-0.8257,-0.84302,-0.86755,-0.88524,-0.84816,-0.8633,-1.0161,-0.94384,-1.0097,-1.1022,-1.0473,-0.96072,-0.95777,-0.95649,-0.92546,-0.93244,-0.96261,-0.84352,-0.93273,-0.88883,-0.81312,-0.71507,-0.77209,-0.71094,-0.61415,-0.73038,-0.51374,-0.47159,-0.48696,-0.30935,-0.39513,-0.21172,-0.19942,-0.18579,-0.071016,-0.071638,0.026789,0.1799,0.18599,0.22367,0.38625,0.36976,0.48965,0.44955,0.51776,0.45031,0.71428,0.6647,0.66035,0.73623,0.71803,0.92711,0.82016,0.90079,0.81634,0.91382,0.89727,0.95363,0.96913,1.0183,1.0272,1.0685,1.0352,1.0627,0.90923,1.013,0.91501,0.94888,0.87503,0.92521,0.86574,0.74538,0.7224,0.78095,0.65724,0.67811,0.63007,0.512,0.48753,0.48417,0.43528,0.26347,0.24786,0.15828,0.1031,0.053315,0.10222
0.028428,-0.099562,-0.14794,-0.20862,-0.19661,-0.2831,-0.34371,-0.45156,-0.51599,-0.62645,-0.60675,-0.57408,-0.73214,-0.68081,-0.7607,-0.92298,-0.78357,-0.85945,-0.89319,-0.90504,-0.89898,-1.0492,-0.97363,-1.1106,-0.95983,-1.0214,-1.0288,-1.0297,-1.0522,-0.92943,-0.99283,-0.8863,-0.98267,-0.88049,-0.81177,-0.84315,-0.74454,-0.72048,-0.6967,-0.64414,-0.59513,-0.53976,-0.49012,-0.39023,-0.41783,-0.31367,-0.19415,-0.17861,-0.13461,-0.00065163,0.043676,-0.0062083,0.025196,0.12794,0.32192,0.25502,0.33509,0.41281,0.48097,0.42018,0.48261,0.59657,0.64811,0.6925,0.68845,0.7277,0.72853,0.81276,0.88216,0.95684,0.91099,0.907,0.96428,0.95023,0.99819,1.0507,0.98811,1.0505,0.99106,0.94037,0.99889,0.99034,0.87118,0.91845,0.90517,0.96649,0.76646,0.72295,0.67883,0.66792,0.58417,0.65699,0.56892,0.50216,0.32521,0.31277,0.29505,0.32025,0.31746,0.1529,0.042927,-0.0027263
0.06046,-0.10822,-0.12281,-0.23648,-0.27221,-0.31457,-0.39868,-0.42661,-0.55206,-0.63606,-0.69452,-0.68541,-0.82507,-0.85438,-0.87822,-0.89239,-0.91167,-0.94407,-0.95138,-0.93797,-1.0148,-1.0963,-0.88464,-1.0743,-0.97833,-1.0015,-0.91852,-0.83124,-0.95198,-0.87203,-0.78345,-0.78973,-0.7694,-0.70083,-0.62431,-0.6029,-0.47301,-0.56743,-0.41536,-0.41978,-0.32464,-0.20173,-0.12234,0.036247,-0.036342,0.043159,0.16676,0.29933,0.23941,0.32768,0.46925,0.4521,0.5557,0.58153,0.63921,0.66115,0.6433,0.83664,0.88879,0.91168,0.90375,0.87053,0.86054,1.0572,1.0124,1.024,1.0066,0.99299,1.0144,1.0102,0.94829,0.89008,0.87467,0.84021,0.78018,0.78625,0.80891,0.69441,0.66438,0.60474,0.54985,0.46513,0.41246,0.4141,0.33999,0.33258,0.038792,0.081926,-0.045393
-0.029672,-0.12882,-0.22776,-0.2632,-0.25337,-0.31489,-0.46267,-0.60954,-0.54275,-0.62259,-0.6611,-0.71491,-0.77148,-0.87893,-0.91299,-0.8769,-1.0048,-0.87972,-0.98478,-0.94492,-1.0011,-1.1101,-0.96738,-0.99596,-0.91691,-0.94695,-0.90055,-0.94507,-0.8331,-0.83211,-0.78379,-0.81775,-0.71781,-0.64389,-0.63551,-0.54346,-0.51873,-0.45152,-0.39876,-0.33917,-0.24914,-0.15347,-0.01432,-0.013219,0.078131,0.12241,0.15122,0.22464,0.21136,0.41576,0.50912,0.52449,0.58215,0.68335,0.71739,0.83046,0.84844,0.89419,0.86574,0.8911,0.99148,1.009,0.9475,0.96831,0.9741,0.92753,0.98865,1.0239,0.95336,0.92081,0.90226,0.87768,0.87578,0.80237,0.69452,0.67167,0.68192,0.64453,0.48955,0.48438,0.44592,0.33715,0.24038,0.27639,0.045995,0.083129,0.01332
0.0091029,-0.11761,-0.12999,-0.14484,-0.30554,-0.32867,-0.34052,-0.42263,-0.60776,-0.64408,-0.59814,-0.613,-0.65946,-0.81994,-0.81823,-0.78495,-0.90846,-0.92536,-1.0204,-0.94963,-1.0058,-1.0182,-0.98044,-0.97909,-1.0825,-0.92361,-1.0398,-0.93015,-0.83293,-0.91002,-0.8594,-0.88809,-0.79677,-0.87305,-0.80557,-0.6066,-0.72441,-0.61302,-0.53903,-0.56368,-0.44811,-0.35378,-0.27262,-0.15177,-0.2519,-0.12986,-0.017015,0.015881,0.13021,0.13066,0.14362,0.30281,0.3129,0.41703,0.52636,0.48461,0.6923,0.67577,0.6525,0.67816,0.75864,0.84677,0.86734,0.82134,0.90304,0.92037,1.0113,0.97416,0.99967,1.0544,1.0595,0.99997,1.0642,1.0285,1.0417,0.99796,1.0023,0.94402,0.80979,0.80435,0.82334,0.76594,0.67673,0.61531,0.5002,0.61911,0.42052,0.39274,0.41293,0.29628,0.11636,0.25376,0.10907,-0.012871
-0.016125,-0.077293,-0.20393,-0.15671,-0.2116,-0.35938,-0.45432,-0.417,-0.46448,-0.59527,-0.70856,-0.66295,-0.7555,-0.792,-0.84058,-0.83873,-0.84526,-0.89094,-0.92369,-0.86264,-0.98118,-1.0463,-1.052,-0.96263,-0.98015,-1.0096,-0.97607,-0.93824,-0.83801,-0.86246,-0.84687,-0.91582,-0.85119,-0.85285,-0.72147,-0.73022,-0.60918,-0.54786,-0.43045,-0.42054,-0.36852,-0.3514,-0.23551,-0.20556,-0.28242,-0.027808,-0.026728,0.16071,0.1415,0.22079,0.24019,0.27687,0.44319,0.43227,0.54432,0.51619,0.56372,0.78104,0.79935,0.83169,0.80176,0.83804,0.9143,0.93686,0.96042,0.92459,0.97672,0.97791,1.0203,0.97398,0.94754,0.94059,0.9034,0.94048,0.8476,0.87898,0.85553,0.84166,0.74565,0.77247,0.72885,0.66865,0.59582,0.53018,0.51202,0.54727,0.37527,0.34495,0.27923,0.16073,0.095708,0.092656,0.02099
0.11427,-0.15784,-0.1013,-0.098081,-0.24602,-0.19233,-0.30346,-0.39713,-0.45565,-0.4809,-0.57998,-0.65072,-0.68056,-0.68471,-0.80023,-0.75554,-0.9304,-0.8394,-0.73517,-0.87357,-0.95436,-0.91727,-0.93535,-0.96498,-1.0042,-0.94297,-1.0647,-0.97416,-1.0158,-1.0377,-0.96927,-0.8655,-0.96609,-0.93374,-0.91742,-0.79036,-0.86708,-0.64231,-0.715,-0.82781,-0.62569,-0.5858,-0.57097,-0.52233,-0.45462,-0.38066,-0.41423,-0.20654,-0.23492,-0.20669,-0.16006,-0.014863,-0.086003,0.089233,0.11987,0.22239,0.25542,0.28109,0.40666,0.4142,0.45948,0.47955,0.53407,0.70212,0.5854,0.67091,0.78035,0.87398,0.76299,0.90638,0.89846,0.96688,0.96005,0.91629,1.0234,0.97392,1.0593,1.037,0.9486,1.0438,0.98685,0.94007,1.0038,0.92618,1.0298,0.90855,0.87081,0.82763,0.81364,0.74009,0.74232,0.67022,0.70089,0.5675,0.56113,0.54017,0.39097,0.33695,0.41712,0.27219,0.23052,0.19883,0.13398,0.08464,0.013958
-0.012519,-0.030706,-0.13151,-0.12027,-0.18915,-0.30533,-0.28058,-0.48406,-0.52115,-0.51975,-0.54164,-0.60606,-0.51291,-0.63973,-0.62069,-0.72192,-0.89682,-0.72117,-0.80046,-0.77998,-0.9298,-0.8984,-1.0005,-0.89007,-0.99352,-1.079,-0.99053,-1.0726,-0.96802,-0.9694,-1.0442,-0.98557,-0.91679,-0.9006,-0.9485,-0.86221,-0.9325,-0.84661,-0.76841,-0.7492,-0.80199,-0.71294,-0.72836,-0.56534,-0.56631,-0.50528,-0.42208,-0.45408,-0.43064,-0.24464,-0.26488,-0.075095,-0.063624,0.038048,-0.049769,0.10223,0.17358,0.26916,0.24902,0.2733,0.42809,0.41938,0.41545,0.55718,0.54012,0.50666,0.57922,0.68681,0.83429,0.80116,0.8389,0.83808,0.88809,0.85111,0.93688,1.0243,1.0201,1.002,0.91613,1.0172,1.0494,1.0167,1.028,1.0187,0.98178,0.99121,0.95341,0.9652,0.85695,0.94624,0.87117,0.74934,0.79792,0.79538,0.73119,0.76848,0.58845,0.60536,0.55571,0.47111,0.4196,0.37821,0.31655,0.34176,0.24257,0.11901,0.07141,0.026064,-0.0088246
0.038425,-0.06787,-0.11467,-0.22276,-0.15228,-0.28251,-0.3388,-0.48049,-0.53444,-0.53104,-0.63802,-0.66976,-0.67131,-0.71986,-0.79644,-0.80401,-0.87588,-0.82945,-0.93846,-0.94223,-0.93564,-0.97389,-0.97632,-1.0229,-0.97484,-1.0635,-1.0432,-0.96885,-0.95917,-0.99162,-1.0297,-1.0982,-0.96789,-0.94885,-0.80736,-0.98612,-0.77663,-0.76782,-0.72996,-0.71322,-0.59532,-0.60193,-0.51853,-0.53336,-0.54427,-0.34824,-0.36297,-0.22555,-0.24769,-0.21742,-0.057384,-0.13224,-0.026611,0.078108,0.17149,0.1645,0.24602,0.20662,0.37731,0.32506,0.5205,0.52501,0.62789,0.61976,0.64736,0.78708,0.8039,0.82918,0.83882,0.90688,0.89106,0.85829,0.89889,0.93192,0.941,1.018,1.0014,0.94568,0.93327,1.0015,0.96463,1.0119,1.0686,0.97062,0.93814,0.87799,0.80711,0.8625,0.78684,0.79458,0.72285,0.64527,0.78383,0.62636,0.62316,0.44576,0.39394,0.37517,0.39622,0.35421,0.18385,0.20097,0.060174,0.068122,0.091089
0.04684,-0.074533,-0.070471,-0.20276,-0.18812,-0.25075,-0.28212,-0.38651,-0.44241,-0.5396,-0.54027,-0.64845,-0.71198,-0.66062,-0.80252,-0.8047,-0.79359,-0.86144,-0.91371,-0.904,-0.92173,-0.90916,-0.97928,-1.0122,-0.98682,-1.0264,-0.98736,-0.90951,-0.97328,-1.0003,-0.91774,-0.91357,-0.94333,-0.89152,-0.85143,-0.77857,-0.76768,-0.79601,-0.76344,-0.77136,-0.58196,-0.59708,-0.49212,-0.47405,-0.52105,-0.38433,-0.33986,-0.32855,-0.25384,-0.14776,-0.059839,-0.03934,-0.0071964,0.1168,0.18173,0.24073,0.22906,0.31233,0.4181,0.49508,0.45169,0.4971,0.5474,0.66279,0.69426,0.74872,0.79981,0.76941,0.82478,0.918,0.91823,0.90669,0.92384,0.99642,1.0175,1.134,0.98916,0.95035,1.0334,1.0523,0.96875,0.9341,0.97758,0.91807,0.9601,0.83945,0.81519,0.84048,0.778,0.8182,0.66827,0.67539,0.63159,0.56728,0.49514,0.45697,0.4085,0.35636,0.27474,0.27194,0.2147,0.074142,0.0094332,0.032443
-0.091551,0.015253,-0.005678,-0.22743,-0.29702,-0.17001,-0.36849,-0.3895,-0.42239,-0.45679,-0.58018,-0.5954,-0.54795,-0.67828,-0.68454,-0.78644,-0.82004,-0.86362,-0.80918,-0.85764,-0.88533,-0.89669,-0.99491,-0.99084,-0.95919,-0.97781,-0.94538,-0.99237,-1.1096,-0.99935,-0.91971,-0.92468,-0.9227,-1.0288,-0.9946,-0.82537,-0.82567,-0.8821,-0.90507,-0.73879,-0.79321,-0.81148,-0.70947,-0.67914,-0.62773,-0.62735,-0.45604,-0.41394,-0.32227,-0.2834,-0.34836,-0.2574,-0.24415,-0.14842,-0.049544,0.055489,0.015298,0.067947,0.078614,0.14635,0.19794,0.30864,0.3519,0.43088,0.51553,0.44221,0.56523,0.6868,0.65483,0.64281,0.74393,0.77597,0.8174,0.86636,0.85141,0.92014,0.86579,0.83704,1.0206,1.0342,0.96683,0.93262,0.95236,0.98704,0.97285,1.0127,0.93909,1.0651,1.0535,0.97065,0.88306,0.99869,0.84759,0.98262,0.91889,0.80744,0.665,0.7106,0.62072,0.63554,0.57797,0.5075,0.45505,0.48788,0.38084,0.32398,0.21167,0.20849,0.15655,0.06034,0.0097117,0.0010102
-0.045379,-0.10779,-0.18351,-0.26721,-0.20363,-0.30229,-0.33863,-0.44174,-0.51849,-0.55846,-0.52482,-0.72994,-0.65335,-0.68701,-0.84366,-0.82467,-0.90649,-0.92075,-1.0025,-1.047,-1.0167,-0.9552,-0.90683,-0.9888,-1.052,-0.98541,-0.96968,-0.9218,-0.99664,-0.93599,-0.99797,-0.82794,-0.82107,-0.82789,-0.84693,-0.81204,-0.73007,-0.7022,-0.57599,-0.66524,-0.56576,-0.49674,-0.42649,-0.4796,-0.34365,-0.28591,-0.13247,-0.098756,-0.073865,0.090378,0.11628,0.1799,0.20336,0.26156,0.3868,0.38166,0.44496,0.45104,0.60023,0.74863,0.74589,0.78847,0.81879,0.70019,0.88319,0.79826,0.8067,0.99594,1.01,0.99259,1.0363,0.97647,0.9555,1.0479,1.0617,1.0003,0.96576,0.97457,1.0219,0.95352,0.90262,0.91565,0.75318,0.77906,0.78983,0.78524,0.77551,0.65474,0.57409,0.51345,0.41906,0.31921,0.30401,0.31711,0.15861,0.11548,0.11406,-0.071351
0.0063637,-0.10744,-0.042051,-0.16561,-0.22416,-0.23415,-0.3225,-0.45963,-0.41501,-0.51126,-0.61927,-0.58192,-0.58488,-0.67116,-0.69886,-0.73551,-0.83017,-0.81609,-0.79008,-0.87874,-0.91456,-0.85469,-0.94753,-0.96196,-1.0017,-1.0044,-1.026,-1.0033,-1.0652,-1.0556,-1.0899,-0.9736,-0.94376,-0.95637,-0.91617,-0.82888,-0.85336,-0.87919,-0.90424,-0.76675,-0.65573,-0.7283,-0.81869,-0.69325,-0.60152,-0.56983,-0.50312,-0.5229,-0.41082,-0.3929,-0.34318,-0.34738,-0.25861,-0.077413,-0.15946,-0.058153,-0.0053582,0.078091,0.031986,0.14302,0.18293,0.34283,0.34914,0.36788,0.35423,0.48797,0.34631,0.44344,0.66704,0.68699,0.62518,0.72394,0.71607,0.85273,0.82125,0.83673,0.90424,0.87373,0.94366,0.95833,0.9428,0.95295,0.96242,1.0334,0.98886,0.97643,0.99378,1.0103,0.99078,1.0463,0.9937,0.99539,0.8417,0.8529,0.71315,0.89534,0.83792,0.74373,0.75087,0.63578,0.68568,0.61008,0.56934,0.5099,0.45216,0.40388,0.37311,0.27366,0.29629,0.1748,0.12024,0.1587,0.03286,0.018508
0.038558,-0.02858,-0.05807,-0.18864,-0.20765,-0.2303,-0.29655,-0.38051,-0.48922,-0.42781,-0.47834,-0.57315,-0.65361,-0.6955,-0.77327,-0.89213,-0.83312,-0.83143,-0.77007,-0.81746,-0.86236,-0.9269,-1.0073,-1.0151,-0.95434,-1.0084,-0.96686,-0.94333,-1.0468,-1.0086,-0.95681,-0.89859,-0.9,-1.0528,-0.82343,-0.92076,-0.94028,-0.91533,-0.7203,-0.77857,-0.78304,-0.77944,-0.71143,-0.56527,-0.67181,-0.36183,-0.51457,-0.37917,-0.44595,-0.28638,-0.22179,-0.23512,-0.20398,-0.037339,-0.085641,-0.12992,0.051319,0.16504,0.1449,0.18292,0.20705,0.31648,0.3594,0.31478,0.46966,0.58914,0.51944,0.67489,0.63288,0.70919,0.77078,0.78732,0.78683,0.92844,0.87222,0.8911,0.82312,0.90472,0.95877,0.92594,0.98627,1.0537,0.98384,0.96108,1.0195,1.0149,1.0033,1.0099,1.0574,0.90569,0.82514,0.79969,0.86572,0.76368,0.81861,0.72702,0.71452,0.67648,0.69336,0.47392,0.52916,0.4879,0.35665,0.36714,0.41193,0.2773,0.28737,0.14637,0.15534,0.10571,-0.03337
-0.0095077,-0.15821,-0.13969,-0.16943,-0.29981,-0.30091,-0.4191,-0.50869,-0.44936,-0.58648,-0.70123,-0.60747,-0.69669,-0.72483,-0.69872,-0.89266,-0.83593,-0.84042,-0.85027,-0.97498,-0.96783,-0.95063,-1.0223,-0.95626,-1.0191,-1.006,-0.95319,-1.0222,-1.0456,-0.97018,-0.88045,-0.92646,-0.88839,-0.95335,-0.7618,-0.81429,-0.75423,-0.71843,-0.62774,-0.68239,-0.62061,-0.45705,-0.45045,-0.47852,-0.46696,-0.29527,-0.19009,-0.24686,-0.16115,0.059932,0.041335,0.18408,0.14044,0.20483,0.28744,0.39116,0.35041,0.53638,0.56754,0.61096,0.62943,0.6871,0.72694,0.76504,0.69705,0.77992,0.81955,0.85122,1.0235,0.91274,0.98563,0.96594,0.99567,0.94383,0.92015,1.0196,1.0809,1.003,0.97348,0.91291,0.95077,0.93842,0.87544,0.85842,0.75989,0.72904,0.7175,0.74207,0.5565,0.68887,0.50507,0.47251,0.5317,0.35373,0.32031,0.28069,0.10459,0.10938,0.049441,-0.072778
-0.038128,-0.095588,-0.0759,-0.15799,-0.13369,-0.40162,-0.4013,-0.48279,-0.52092,-0.66751,-0.6555,-0.69586,-0.8061,-0.74824,-0.93406,-0.94789,-0.95773,-0.89642,-0.95653,-0.92798,-0.90828,-0.96665,-0.92277,-1.0527,-0.88227,-0.92002,-0.96039,-0.90631,-0.99012,-0.77591,-0.87444,-0.82895,-0.6745,-0.71074,-0.67247,-0.62968,-0.4778,-0.46439,-0.42392,-0.29437,-0.23727,-0.14452,-0.1283,-0.076079,0.046536,0.080837,0.16192,0.23676,0.37164,0.39406,0.45302,0.58141,0.63858,0.68357,0.77144,0.77809,0.77972,0.88776,0.88125,0.94149,0.96967,0.94151,0.98473,0.94543,1.0112,0.93303,0.97401,1.0315,1.0101,0.93716,0.91092,0.82682,0.78346,0.80109,0.79107,0.71421,0.69688,0.57593,0.59761,0.64224,0.50987,0.39856,0.33601,0.23644,0.12554,0.10347,0.15043
-0.0025778,-0.06997,-0.083999,-0.32497,-0.27087,-0.29723,-0.44469,-0.44035,-0.56138,-0.71098,-0.6661,-0.68443,-0.72662,-0.77893,-0.77652,-0.87185,-0.87651,-0.88121,-0.97993,-0.99179,-0.9839,-0.97782,-1.0581,-1.0831,-0.98875,-0.91676,-0.95464,-0.97362,-0.883,-0.82328,-0.84629,-0.89677,-0.77142,-0.7335,-0.72582,-0.63164,-0.68768,-0.57247,-0.50152,-0.47344,-0.34976,-0.24271,-0.26892,-0.025921,-0.09486,0.021743,0.17493,0.017158,0.17306,0.28338,0.25233,0.40213,0.44664,0.44219,0.55359,0.59333,0.71756,0.81928,0.79645,0.81344,0.89615,0.8839,0.85467,0.97146,0.94373,1.0291,1.0553,0.90954,1.0234,0.96942,1.0005,1.0104,0.9605,0.95328,1.0202,0.8963,0.87864,0.7621,0.72683,0.76104,0.68225,0.6844,0.49952,0.42689,0.45856,0.31586,0.25423,0.15977,0.21517,0.095857,-0.012498
0.046938,-0.093681,-0.13443,-0.14544,-0.29038,-0.30251,-0.41677,-0.47182,-0.63421,-0.63851,-0.69304,-0.78151,-0.88508,-0.77263,-0.84596,-0.86935,-0.90555,-0.90689,-0.91584,-0.99311,-1.0233,-1.0311,-1.06,-0.92854,-0.86641,-1.0135,-0.88562,-0.92792,-0.92249,-0.81951,-0.80538,-0.6901,-0.59333,-0.60659,-0.62243,-0.55223,-0.51062,-0.33616,-0.31055,-0.21165,-0.097147,-0.084482,0.013839,0.17067,0.20374,0.25739,0.30536,0.40756,0.46736,0.40553,0.5038,0.66094,0.79788,0.75662,0.83097,0.82046,0.83203,0.90433,1.0029,0.9079,0.9856,1.0344,0.96846,0.89893,0.95376,1.0302,1.0765,0.93958,0.9894,0.8913,0.86561,0.84315,0.81293,0.71239,0.73958,0.65667,0.54299,0.50316,0.34114,0.36969,0.32951,0.22092,0.19971,-0.052955,-0.010005
0.064823,-0.11722,-0.1681,-0.1345,-0.20495,-0.27902,-0.40042,-0.49275,-0.44044,-0.68045,-0.568,-0.58007,-0.66793,-0.69906,-0.75408,-0.7558,-0.73637,-0.82606,-0.89683,-0.95447,-0.89503,-0.90085,-1.0297,-1.0254,-0.92849,-1.1045,-0.92916,-1.0539,-1.0184,-0.8799,-0.92863,-0.95244,-0.84824,-0.8556,-0.8043,-0.77834,-0.7633,-0.67873,-0.69219,-0.61587,-0.5307,-0.55329,-0.41829,-0.35685,-0.30141,-0.39621,-0.22429,-0.17268,-0.17174,-0.046675,-0.048281,0.1599,0.11974,0.18605,0.22606,0.32131,0.47668,0.43106,0.53171,0.50151,0.62622,0.61286,0.7685,0.6449,0.87205,0.84215,0.90495,0.87296,0.97181,1.1119,1.0142,1.0185,0.9721,1.0325,0.92852,1.044,1.038,0.98659,0.95225,0.95798,0.97555,0.88714,0.86469,0.81577,0.70368,0.68584,0.72038,0.68798,0.69689,0.5827,0.40419,0.39099,0.45317,0.33684,0.34287,0.2953,0.15705,0.063641,0.015494,0.048537
-0.013883,-0.022862,-0.16719,-0.1629,-0.26445,-0.30667,-0.36561,-0.34959,-0.38669,-0.54047,-0.60798,-0.61729,-0.69538,-0.70349,-0.77262,-0.79989,-0.8195,-0.87617,-0.91901,-0.8427,-1.029,-0.95085,-0.92427,-0.89648,-0.94361,-0.98855,-0.99705,-0.94361,-0.97076,-0.99054,-0.97146,-0.89006,-0.94225,-0.91152,-0.94235,-0.87331,-0.80091,-0.78264,-0.76951,-0.77908,-0.67587,-0.66064,-0.55664,-0.48948,-0.44724,-0.41456,-0.34588,-0.27686,-0.21209,-0.17306,-0.2146,-0.10303,-0.074093,0.052676,0.1524,0.23701,0.18938,0.18867,0.36166,0.48905,0.42667,0.48655,0.57717,0.61837,0.62407,0.73397,0.78807,0.82602,0.76317,0.92921,0.98879,0.97001,0.97337,1.018,0.99968,1.0412,1.0234,1.0197,1.091,1.0205,1.0067,0.97581,0.97514,0.91161,0.89719,0.86345,0.98215,0.89759,0.80687,0.85133,0.7494,0.7693,0.61467,0.68487,0.60248,0.56991,0.44976,0.4669,0.42493,0.321,0.16981,0.11729,0.20573,0.061002,0.010443
-0.035881,-0.061422,-0.12619,-0.25378,-0.24012,-0.34067,-0.34081,-0.42212,-0.44167,-0.61468,-0.63633,-0.61123,-0.73438,-0.69377,-0.77269,-0.72397,-0.85385,-1.0182,-0.89104,-0.93221,-1.0373,-0.9592,-1.0107,-0.95186,-1.0252,-0.97534,-0.91258,-1.0149,-0.92496,-0.95783,-0.90143,-0.85991,-0.90883,-0.88544,-0.81428,-0.87276,-0.74867,-0.65316,-0.69159,-0.5781,-0.53691,-0.56007,-0.42565,-0.39507,-0.33902,-0.25071,-0.21165,-0.13555,-0.014045,-0.017283,0.0030543,0.1088,0.10897,0.21082,0.25419,0.39668,0.37081,0.47355,0.60117,0.55091,0.56586,0.66655,0.75489,0.69694,0.75906,0.85684,0.85569,0.87251,0.97856,0.88744,1.023,0.9261,1.05,1.0446,0.96,1.0045,0.98362,0.98564,1.0155,1.0367,0.88783,0.87168,0.89674,0.89931,0.78486,0.7448,0.73398,0.77332,0.65104,0.5532,0.5627,0.51002,0.50392,0.38053,0.29891,0.2119,0.20341,0.23805,0.1073,0.018638
0.022028,-0.070709,-0.07859,-0.15242,-0.17895,-0.34527,-0.40288,-0.39758,-0.45207,-0.53057,-0.57252,-0.66946,-0.64993,-0.76996,-0.81016,-0.78199,-0.8075,-0.88332,-0.97456,-0.91623,-1.0098,-0.96315,-1.0629,-0.94682,-0.99115,-0.95777,-0.93761,-0.93914,-0.92259,-0.93376,-0.92357,-0.8446,-0.83629,-0.82383,-0.73662,-0.6714,-0.76769,-0.61095,-0.5507,-0.50995,-0.45605,-0.39818,-0.31907,-0.21923,-0.10086,-0.028313,-0.11952,-0.0051707,0.099211,0.27275,0.30444,0.34847,0.26894,0.39189,0.52283,0.48457,0.54549,0.64912,0.61555,0.75616,0.72835,0.8586,0.80238,0.92321,1.0064,1.0151,0.95039,0.94295,0.96197,1.0524,0.96766,0.88623,0.93978,0.90551,0.95052,1.0004,0.86892,0.84285,0.83858,0.81998,0.68932,0.77728,0.71916,0.57961,0.54026,0.61308,0.56769,0.32078,0.30861,0.30739,0.23664,0.11012,0.080064,-0.00052368
0.029023,-0.13092,-0.048826,-0.22267,-0.33387,-0.29669,-0.40325,-0.44079,-0.48666,-0.51545,-0.52236,-0.59706,-0.73067,-0.80741,-0.79856,-0.7967,-0.83133,-0.81608,-0.92734,-0.97275,-0.90875,-1.0043,-1.0074,-0.98195,-0.9823,-0.97191,-0.91546,-1.0757,-0.98043,-0.96502,-0.88496,-0.87607,-0.88111,-0.85274,-0.85234,-0.8802,-0.77164,-0.62836,-0.63805,-0.5607,-0.61059,-0.47756,-0.40095,-0.36115,-0.30977,-0.29972,-0.33604,-0.10112,-0.097271,-0.082064,0.027792,0.1304,0.22738,0.22429,0.24717,0.40396,0.3524,0.52742,0.54584,0.57952,0.63919,0.66987,0.79853,0.75076,0.90661,0.9196,0.89015,0.97184,0.95427,0.98463,0.95459,0.95907,0.88841,1.05,1.0219,1.0739,1.0571,1.0128,0.90106,0.98735,0.96175,0.90804,0.8562,0.73119,0.80955,0.71274,0.74408,0.59451,0.67075,0.49805,0.51508,0.50334,0.32967,0.36443,0.24921,0.26566,0.090671,0.0035159,-0.0016605
