-0.01533,-0.07107,-0.087528,-0.19905,-0.29368,-0.31522,-0.44744,-0.39835,-0.48714,-0.53247,-0.68136,-0.588,-0.68984,-0.75727,-0.7983,-0.82406,-0.85772,-0.88255,-0.97742,-1.0164,-0.96882,-0.9322,-1.0886,-0.97963,-1.0232,-1.0856,-1.0594,-0.95698,-0.95449,-0.98949,-0.86635,-0.98355,-0.88763,-0.84956,-0.69782,-0.74212,-0.63966,-0.74289,-0.60683,-0.63089,-0.51568,-0.44717,-0.40511,-0.35604,-0.29934,-0.1587,-0.095333,-0.030305,-0.1151,0.050683,0.15121,0.14966,0.27458,0.24509,0.31953,0.36834,0.42474,0.55167,0.61758,0.64298,0.64604,0.7739,0.73538,0.86964,0.79828,0.84723,0.86505,0.93532,0.96532,1.0241,1.0686,1.0505,1.0401,0.92961,1.0357,0.9584,1.0084,1.0363,0.98006,0.93305,0.95237,0.87576,0.8666,0.84974,0.6538,0.76517,0.67675,0.5775,0.51025,0.52128,0.39709,0.43853,0.35447,0.2854,0.16891,0.10228,0.052873,-0.0030249
0.034931,-0.078658,-0.11811,-0.18443,-0.23358,-0.27959,-0.39157,-0.39485,-0.50131,-0.5957,-0.6302,-0.72902,-0.77477,-0.68678,-0.7554,-0.88644,-0.88757,-0.90965,-0.92436,-0.98028,-1.0145,-0.93659,-0.92936,-0.99123,-0.99058,-0.99306,-1.0398,-1.0066,-0.9942,-0.98604,-0.85618,-0.86655,-0.79694,-0.8327,-0.81958,-0.88099,-0.72607,-0.63766,-0.69148,-0.55906,-0.5308,-0.54369,-0.43433,-0.42202,-0.29967,-0.1986,-0.26226,-0.13352,-0.11168,0.066643,0.069576,0.16349,0.19043,0.23628,0.21988,0.32645,0.46156,0.50268,0.5006,0.53026,0.64278,0.75849,0.82629,0.69065,0.86633,0.87145,0.90516,0.89737,0.96498,1.0341,1.0226,1.0516,1.0134,0.95725,0.99664,0.94302,0.98772,1.0433,1.0021,0.94316,0.88049,0.8368,0.90679,0.75205,0.71437,0.76531,0.70818,0.65504,0.5367,0.56298,0.43709,0.50948,0.42061,0.19957,0.25027,0.19494,0.16732,0.081829,0.0079457
-0.063757,-0.058193,-0.22994,-0.2367,-0.42154,-0.42832,-0.4506,-0.52394,-0.60255,-0.68793,-0.70664,-0.90707,-0.88011,-0.87301,-0.94957,-0.90274,-0.93138,-1.0723,-0.98198,-1.0188,-1.0242,-1.0185,-0.91805,-0.95015,-0.92756,-0.89156,-0.82834,-0.75483,-0.75056,-0.70694,-0.66341,-0.54762,-0.53653,-0.48469,-0.44358,-0.15676,-0.18054,-0.11839,-0.1351,0.085542,0.1177,0.13174,0.37857,0.3923,0.44579,0.49328,0.59025,0.53621,0.58876,0.76415,0.81733,0.68044,0.89293,0.892,0.93703,1.0516,1.0022,0.98207,0.97868,0.9289,1.1199,0.97002,0.93728,0.92064,0.88336,0.87384,0.792,0.73047,0.61325,0.62706,0.56994,0.45302,0.31804,0.35284,0.24562,0.1115,0.068092,-0.017381
0.013486,-0.021479,-0.18634,-0.22407,-0.30415,-0.31494,-0.43204,-0.53286,-0.61101,-0.7077,-0.64312,-0.67449,-0.7695,-0.79388,-0.91176,-0.90348,-1.0195,-0.97999,-1.0071,-0.96554,-0.98362,-0.98392,-1.0551,-1.0461,-0.98406,-0.99687,-0.97933,-0.95359,-0.90478,-0.80693,-0.81135,-0.82313,-0.71915,-0.65607,-0.65689,-0.5198,-0.28872,-0.38656,-0.37794,-0.32132,-0.12076,-0.15722,-0.081934,0.075608,-0.010763,0.15193,0.25074,0.31333,0.43783,0.506,0.46008,0.68513,0.72291,0.67591,0.75147,0.7893,0.85777,0.92903,0.89043,0.98187,1.0166,1.0018,1.0035,1.0493,0.94663,1.0601,1.0416,0.96816,0.91721,0.92848,0.93619,0.87756,0.89483,0.80321,0.73098,0.60342,0.64684,0.54839,0.47154,0.50552,0.34236,0.34432,0.10528,0.20638,-0.038284,-0.044377
-0.01012,-0.040034,-0.12815,-0.1102,-0.25103,-0.40786,-0.41478,-0.47793,-0.55985,-0.58478,-0.6469,-0.67652,-0.76775,-0.76724,-0.91877,-0.89586,-0.84234,-0.85452,-0.97038,-1.0109,-1.1029,-1.0374,-0.92793,-1.0128,-1.0155,-1.0121,-0.9639,-0.94572,-0.89832,-0.87219,-0.77591,-0.71459,-0.78308,-0.63318,-0.55204,-0.6339,-0.50541,-0.5444,-0.35081,-0.39331,-0.25263,-0.31898,-0.062613,-0.082969,0.018645,0.11697,0.069603,0.16328,0.20985,0.28451,0.35785,0.5336,0.54834,0.61248,0.68639,0.60427,0.78055,0.79423,0.83389,0.87832,0.91655,0.95702,0.91004,0.90557,0.95277,1.0419,0.96888,0.95672,1.0607,0.96471,0.95087,1.0152,0.87615,0.8611,0.82094,0.76605,0.72253,0.73222,0.66835,0.66809,0.52852,0.41335,0.39735,0.37209,0.25064,0.18755,0.2265,0.13046,0.10429
0.10095,-0.073724,-0.14631,-0.23139,-0.33592,-0.41245,-0.34107,-0.4712,-0.71041,-0.61206,-0.65107,-0.80279,-0.82437,-0.82101,-0.90455,-0.86141,-0.94472,-0.93535,-0.90288,-0.94125,-1.0039,-1.0061,-0.94196,-1.0185,-1.0597,-0.986,-0.89384,-0.95247,-0.88255,-0.69276,-0.71972,-0.71796,-0.71249,-0.56129,-0.52857,-0.4306,-0.33099,-0.13969,-0.24471,-0.039671,0.065395,0.051481,0.20417,0.20378,0.27579,0.4011,0.38418,0.39373,0.60903,0.70588,0.65596,0.74301,0.74196,0.84499,0.85161,0.8629,0.93886,0.879,1.0309,0.9393,1.0419,0.96663,1.0015,1.0302,0.9738,0.92829,0.8888,0.96124,0.71206,0.87303,0.74334,0.664,0.57676,0.57559,0.53421,0.50213,0.38026,0.2769,0.16081,0.19327,0.08013,-0.041023
0.0022396,-0.07252,-0.14364,-0.17788,-0.24701,-0.4304,-0.33659,-0.44087,-0.45863,-0.5745,-0.60176,-0.64633,-0.67869,-0.66584,-0.74722,-0.8296,-0.93591,-0.93925,-0.93096,-1.0233,-0.98122,-0.97819,-0.92658,-1.0542,-1.0913,-1.034,-1.0168,-0.93815,-0.91725,-0.96871,-0.94435,-1.0112,-0.8574,-0.8859,-0.77455,-0.86138,-0.7323,-0.69071,-0.69474,-0.55572,-0.56089,-0.52591,-0.60786,-0.33674,-0.3213,-0.38401,-0.20556,-0.12013,-0.054453,-0.039422,0.022126,0.14994,0.22036,0.29101,0.3267,0.43195,0.38266,0.50135,0.5209,0.53422,0.53907,0.6648,0.712,0.79426,0.89342,0.87823,0.90029,0.87731,0.91964,1.0206,0.97537,0.98915,0.92866,0.96635,1.0275,0.96473,0.93155,1.0864,0.9911,1.0112,0.94255,0.89815,0.99388,0.81675,0.74219,0.78227,0.72604,0.75125,0.5736,0.65684,0.58222,0.50364,0.40317,0.40746,0.23833,0.2492,0.15544,0.13066,0.03328,0.014365
0.013676,-0.10569,-0.11108,-0.3085,-0.31517,-0.30458,-0.46267,-0.50324,-0.59423,-0.61033,-0.65971,-0.70916,-0.68183,-0.78059,-0.86809,-0.88489,-0.78051,-0.914,-0.85994,-0.99845,-0.96111,-1.0084,-1.017,-1.0609,-0.98874,-1.0289,-1.055,-0.96139,-0.937,-0.95201,-0.922,-0.8383,-0.85294,-0.8516,-0.74665,-0.70875,-0.68643,-0.59941,-0.63864,-0.50273,-0.49237,-0.48413,-0.38163,-0.34083,-0.26825,-0.15641,-0.11598,-0.010957,0.088124,0.18556,0.18518,0.17205,0.36267,0.29949,0.4047,0.55493,0.52662,0.613,0.63871,0.75347,0.74236,0.76591,0.79566,0.81311,0.93075,0.89378,0.88231,0.94071,1.015,0.98631,1.039,0.96844,1.0817,0.99942,0.92837,0.90993,0.96484,0.87099,0.86878,0.81074,0.72005,0.75802,0.62762,0.65391,0.58638,0.57483,0.4046,0.4622,0.37002,0.32128,0.30029,0.16092,0.11155,0.05504,0.030375
-0.041028,-0.087931,-0.10931,-0.30903,-0.26821,-0.49512,-0.46784,-0.43797,-0.52779,-0.57528,-0.60728,-0.67568,-0.81334,-0.79547,-0.84471,-0.87817,-0.94182,-0.9498,-0.99126,-1.039,-0.97917,-0.95148,-0.993,-1.0018,-0.93553,-1.0062,-1.0105,-0.91983,-0.93149,-0.79602,-0.72694,-0.71609,-0.55834,-0.70123,-0.57232,-0.51576,-0.45978,-0.48733,-0.38209,-0.3066,-0.14754,-0.128,0.016498,-0.0054275,0.1114,0.12187,0.29112,0.357,0.36757,0.54773,0.51155,0.66396,0.63579,0.71291,0.73902,0.74617,0.82382,0.90215,0.82122,0.89686,0.93028,1.021,1.0214,0.99843,0.97105,1.0528,0.9822,1.07,0.95942,0.93606,0.8188,0.8567,0.8075,0.74949,0.69844,0.67371,0.57476,0.55686,0.40407,0.46717,0.34502,0.31728,0.23981,0.1764,0.099381,-0.06763
0.042838,0.0076155,-0.076481,-0.3261,-0.14935,-0.36213,-0.41382,-0.53117,-0.46218,-0.51444,-0.53816,-0.60289,-0.71125,-0.88949,-0.75521,-0.82204,-0.78179,-0.80834,-0.94069,-0.96516,-0.93803,-0.98615,-1.0223,-1.0765,-0.99334,-1.0691,-1.0612,-0.95349,-1.0585,-1.0715,-0.9894,-0.92869,-0.74553,-0.77704,-0.77597,-0.80697,-0.67067,-0.69271,-0.535,-0.57641,-0.44569,-0.49493,-0.33398,-0.32304,-0.31273,-0.27504,-0.11805,-0.090762,0.021969,-0.0022111,0.078578,0.15761,0.15706,0.25702,0.3337,0.43718,0.43703,0.52257,0.61265,0.588,0.6751,0.64102,0.80449,0.87213,0.70118,0.87441,0.81763,0.86617,1.0246,0.95264,0.95219,0.99761,1.064,0.97971,0.92653,0.86889,1.02,0.93663,0.95847,0.91709,0.89912,0.86981,0.88886,0.81979,0.76119,0.71343,0.67389,0.5665,0.43387,0.45489,0.43812,0.47451,0.33333,0.28456,0.082999,0.12865,0.058651,0.014269
-1.1349,-1.0524,-1.1333,-0.94236,-1.0155,-0.95525,-1.0028,-1.036,-1.0973,-0.99626,-0.92336,-0.94171,-1.01,-0.99984,-1.0394,-1.0062,-0.99484,-1.0249,-0.98359,-1.0153,-0.98577,-1.0196,-0.99642,-1.0442,-1.036,-0.96471,-0.99145,-1.0144,-0.98511,-0.91901,-0.93429,-0.99066,-0.84433,-1.0387,-0.98727,-1.0073,-1.0475,-0.94594,-0.99715,-0.99136,-0.92035,-0.98459,-0.95054,-1.0237,-1.0009,-1.1052,-0.97341,-0.93498,-0.89192,-0.98189,-0.94705,1.0384,0.9699,0.96039,1.0089,0.96304,0.96334,1.0527,1.028,1.0429,0.98764,1.0145,0.84647,0.95463,0.99978,1.0387,1.0366,1.0387,0.94223,0.94279,0.9718,0.9944,1.0118,0.98552,0.96894,1.0662,0.99774,1.058,1.0633,1.0072,0.9811,1.0159,1.011,0.977,1.0437,1.0306,1.1104,1.0054,1.0292,1.0025,0.99616,1.0865,1.0138,0.95044,0.985,0.97167,0.98502,0.99162,1.0781,1.1088,0.92947,-1.0151
-1.0416,-1.0551,-0.93376,-0.99483,-0.97409,-1.0304,-1.0413,-1.0201,-0.98125,-1.158,-1.0618,-1.0548,-0.94556,-0.89475,-0.98377,-1.0548,-0.97385,-0.94462,-1.0727,-0.97916,-1.0021,-0.96308,-1.0461,-0.9859,-0.96119,-1.0525,-1.0977,-0.99566,-1.0013,-1.0107,-0.9301,-0.97442,-0.91595,-1.0112,-1.0558,-0.94508,-0.85639,-1.1136,-0.97796,-1.0381,-0.95631,-1.0493,-0.97922,-1.0293,-1.0387,-1.0241,-1.0608,-1.0375,-1.1009,-0.93922,0.94949,0.94202,1.0169,1.0015,0.96202,0.96553,1.05,1.0031,1.1181,1.0288,1.0644,0.99417,0.9837,0.98917,0.99757,1.0302,0.99349,1.0504,1.0604,1.0274,0.95119,0.92096,1.0949,1.0102,1.0069,0.98257,1.0397,1.0397,0.97976,0.97672,1.0552,1.0903,1.0308,1.0185,1.0301,0.96164,0.93742,1.034,1.0442,0.97479,1.0387,0.9976,0.97472,1.0882,0.93803,0.99546,1.0596,0.96915,1.0349,-1.0895
-1.0548,-0.99579,-1.0237,-0.99108,-0.96909,-0.913,-0.8976,-1.0868,-0.9796,-0.98824,-0.98724,-0.97766,-0.93983,-1.073,-0.92167,-0.99748,-0.93234,-1.0769,-0.93268,-1.0113,-1.0189,-1.0164,-0.97548,-0.99935,-0.95512,-0.92148,-1.0558,-1.0524,-0.98248,-1.0541,-0.96601,-0.96393,-0.91688,-0.983,-1.0404,-0.9535,-0.9955,-1.0141,-0.96207,-0.96652,-1.0425,-1.0421,-0.95852,-1.0693,-1.0276,-0.99322,-0.94038,-0.97224,-0.99907,-0.97914,-1.0175,0.96289,0.97581,0.96995,0.94048,1.0449,1.0245,1.0063,0.99014,0.98805,1.005,1.0233,1.0926,1.0844,0.9477,1.0414,1.0728,0.97242,1.0481,1.0595,1.0675,1.0184,0.88053,1.1083,0.96181,0.96898,1.0405,0.91411,0.96343,1.0323,1.0066,0.97687,0.94485,1.0121,1.0054,0.96869,0.91814,1.0408,0.98038,1.0969,0.9538,0.99365,1.0891,0.97188,1.0079,0.96784,1.0684,1.0245,0.98261,1.038,0.95504,-0.97465
-0.94133,-0.99271,-0.9841,-1.0418,-1.0979,-1.0692,-0.9952,-0.95385,-1.0195,-1.0468,-0.98338,-0.96596,-1.0141,-1,-1.071,-0.9796,-1.0165,-0.99576,-0.96729,-0.98616,-0.97698,-1.052,-0.98118,-0.94319,-1.0091,-0.97912,-0.92617,-0.9923,-1.051,-1.0455,-0.98019,-0.95918,-0.96436,-0.94592,-1.0382,-0.98316,-0.8979,-1.0096,-1.0224,-0.96789,-0.98757,-0.98838,-0.96706,-1.072,-1.0263,-1.0209,-1.0499,-0.98476,-1.0203,-0.95964,0.99711,1.0527,0.99581,1.0134,0.9523,1.0449,0.89985,1.0129,1.0039,1.0492,1.1199,0.98403,1.0195,1.0103,0.94101,0.97806,1.0303,0.94367,0.95974,0.91701,1.0145,1.0225,1.0448,1.0394,0.97398,0.94261,0.94022,1.0099,0.93305,1.0385,1.0161,1.03,1.0789,0.95265,0.95984,1.0542,1.0319,1.0403,0.99289,0.91522,1.0398,0.91765,0.86989,0.97872,1.0091,1.0209,0.97058,0.97513,0.98171,0.94793,-1.028
-0.91008,-0.98677,-1.0376,-1.0033,-0.97959,-1.022,-0.99738,-0.96811,-1.043,-1.0221,-0.92832,-1.0612,-0.95473,-1.0455,-0.97277,-1.0532,-0.92748,-1.0058,-0.97517,-0.98856,-0.98218,-1.0191,-1.0754,-0.99117,-0.96651,-0.95259,-1.1291,-1.0801,-0.98989,-1.032,-1.0214,-1.0031,-1.1373,-1.0252,-1.0669,-1.0091,-0.92413,-0.99657,-1.0237,-0.99966,-0.96984,-1.0139,-1.0038,-0.92078,-1.0293,-1.0347,-1.0467,-0.98096,-0.98165,-0.92885,-1.0495,-1.0452,-1.0107,-0.97755,-1.0132,-1.0638,-0.94749,0.98018,1.0308,1.0553,0.89862,0.98239,0.99526,0.97197,1.0827,1.0387,1.0321,1.0578,1.0009,0.9855,0.94253,1.0121,1.0797,0.91912,1.0406,1.0069,0.92726,0.95417,1.143,0.92015,0.95671,1.0504,0.98888,0.90841,0.99904,1.0233,0.96496,1.0473,1.0258,0.96481,1.0108,1.0144,0.96773,0.97325,0.97928,0.99557,0.97503,0.9498,0.91201,1.0061,1.0257,1.0105,0.97298,0.95315,0.93641,0.93825,0.95071,1.0333,0.96442,1.0715,0.95459,1.029,1.1078,-1.0476
-1.0054,-0.93319,-1.049,-1.0524,-1.0221,-0.95589,-1.079,-0.99469,-1.0472,-0.9989,-1.0484,-1.0572,-0.937,-1.0568,-1.0393,-0.94073,-0.96392,-0.9322,-1.0024,-1.0335,-1.0174,-0.93922,-1.0446,-0.87983,-0.9824,-0.96288,-0.9643,-1.04,-1.0429,-0.94973,-0.96397,-0.9983,-0.92945,-1.0333,-0.96237,-1.0483,-1.0273,-0.97115,-1.096,-1.0164,-0.99601,-1.0816,-0.93339,-0.99424,-1.0139,-0.91795,-0.98324,-1.0347,-0.99453,-0.96761,0.97865,1.0343,0.96845,1.0422,0.99236,0.91622,0.97027,1.0317,0.99207,0.98243,1.0345,0.97455,0.96126,0.93578,1.0425,1.0368,0.96592,0.99924,0.99386,1.0449,0.97936,0.97898,0.98434,0.97905,1.0224,0.90955,0.9155,1.0147,0.99699,0.97691,1.0066,1.0532,1.0543,0.96726,0.9678,1.031,1.0173,0.90974,0.9499,1.0168,1.069,1.0426,0.97938,1.0824,1.0305,1.0116,0.93196,0.99521,0.9866,1.0169,-1.0343
-1.1268,-0.8683,-1.0181,-0.98174,-0.97203,-1.038,-0.92504,-0.98849,-0.96429,-1.0849,-1.0275,-1.0102,-1.102,-1.0354,-0.98109,-0.97571,-0.95978,-0.99559,-0.98919,-0.92385,-1,-1.0112,-1.0811,-1.0051,-1.0048,-1.0016,-1.1123,-0.96847,-1.0098,-0.9246,-1.0406,-0.98628,-0.97559,-1.0452,-0.99384,-0.93249,-0.96608,-0.91564,-0.93968,-1.0448,-1.0076,-1.0126,-1.0256,-1.1215,-1.0064,-1.0461,-0.94649,-0.97943,-0.89562,-1.0463,0.97026,0.9752,0.88209,0.99404,1.0222,1.0082,1.0784,0.95018,0.88598,1.1089,0.94585,1.0292,0.96619,0.96473,0.98515,0.87579,1.0284,0.95265,1.0248,1.0678,0.92304,1.0641,1.0354,0.9642,1.0196,0.95709,0.92698,0.99222,1.0341,0.94256,0.97363,0.97523,1.0487,1.0019,0.96914,1.0008,0.98826,0.97136,1.0759,1.0399,1.0231,1.0399,1.0249,1.0361,1.0001,0.87723,1.0677,1.0723,0.98714,-0.96047
-1.069,-0.9848,-1.0594,-0.89853,-0.95175,-1.0302,-0.94952,-0.98109,-0.98275,-1.001,-0.96658,-0.99144,-0.97914,-0.99638,-1.0164,-1.0449,-0.95555,-1.0135,-0.94858,-1.0401,-1.0542,-1.0024,-0.9596,-0.99623,-1.029,-0.9333,-0.9537,-0.97498,-1.0094,-1.1058,-0.9669,-1.0899,-1.0281,-0.92916,-1.0524,-0.96727,-1.0167,-1.0689,-1.0741,-1.0594,-1.0392,-0.99547,-1.0125,-1.0205,-1.0828,-0.95026,-1.0305,-1.0078,-0.95359,-1.0451,-1.0815,-1.0514,-0.95157,-0.99023,-1.0362,-0.96217,1.0402,1.0563,0.98371,1.0429,0.91834,0.90107,0.95803,0.98364,0.93777,1.0784,0.96103,0.95793,0.9338,1.0133,0.94972,0.99199,1.0589,0.92588,0.96175,1.0145,1.0768,1.0052,1.0336,0.98248,1.0904,1.1066,0.90781,1.0023,1.0162,1.0198,1.0952,0.96808,1.0161,1.0693,1.0035,1.0041,0.98344,0.98894,1.0012,1.072,0.92954,1.0014,1.0269,1.0093,0.95144,1.1152,0.96919,1.0359,1.0385,1.0393,0.92446,1.0333,0.95929,1.052,0.98612,-1.0743
-0.94377,-0.98947,-1.0222,-0.99641,-0.95262,-1.0237,-1.0183,-1.0486,-0.96749,-1.021,-0.87346,-0.92685,-0.95031,-0.97153,-0.98841,-1.0272,-1.0324,-0.98285,-0.98312,-1.0063,-1.0255,-1.0118,-0.97618,-1.0395,-0.88177,-1.0263,-0.98745,-0.99395,-0.94898,-1.0076,-0.94851,-1.0149,-0.97902,-1.052,-1.0057,-0.97545,-0.98049,-0.98824,-1.0303,-0.99773,-0.99433,-0.91137,-0.98764,-1.0154,-0.9876,-0.95602,0.97834,1.0503,1.0417,0.99098,1.0347,0.92879,0.9176,0.90875,1.0068,1.0232,1.0429,1.0424,1.0011,0.99629,0.96583,1.0816,0.95578,1.0147,1.0196,0.98537,1.0324,1.0579,0.96576,0.96096,1.0888,0.96771,0.97846,1.0149,0.98077,1.0683,0.99745,1.0466,0.88027,0.97802,0.929,1.0695,0.91814,0.97891,0.91256,0.98714,0.99123,1.0366,1.0135,0.94435,1.0438,-0.98208
-0.98508,-0.99371,-1.07,-0.97918,-0.9792,-0.97158,-0.98785,-0.98062,-0.94795,-1.0716,-1.0091,-1.0682,-0.96374,-1.0475,-1.0831,-1.0507,-0.96373,-0.92679,-1.0204,-1.0442,-0.87389,-1.1262,-1.087,-0.98141,-0.96521,-1.0576,-0.93964,-0.96233,-1.0398,-1.0519,-1.0522,-0.8754,-0.92207,-1.0136,-1.1053,-1.03,-0.93407,-1.028,-0.95814,-0.99071,-1.059,-1.0964,-0.95127,-0.9985,-0.95896,-0.91683,-0.98679,-1.011,-0.97892,-1.0266,1.03,0.97339,1.0548,0.97006,0.94244,0.99346,0.97884,1.068,1.0095,0.9827,1.0411,1.0621,0.93238,1.0317,1.0648,1.0404,0.96757,0.97651,1.0026,1.1105,0.99478,0.952,0.95043,0.99488,1.0516,1.0563,0.9678,1.0639,1.0322,1.026,0.90379,0.9706,0.98164,0.97482,1.0419,1.0192,1.0174,0.98733,0.98299,0.96861,1.0343,1.0441,1.0219,1.0295,1.0054,0.88227,1.0104,1.0648,0.95614,-1.0493
-1.0556,-1.0658,-1.0288,-1.0372,-0.94404,-0.88501,-0.9294,-0.83132,-0.86221,-0.79372,-0.7657,-0.72945,-0.72515,-0.59611,-0.64406,-0.63741,-0.46146,-0.46945,-0.41107,-0.2524,-0.29111,-0.22325,-0.15567,-0.12512,-0.03152,0.10421,0.15233,0.056962,0.18777,0.32263,0.20195,0.41805,0.48195,0.55368,0.57928,0.61309,0.64504,0.73957,0.71685,0.79437,0.83429,0.79923,0.88535,0.93809,1.0125,0.97431,0.9916,1.0284,0.92989,0.96499,1.0286,1.1292,1.0633,0.93929,0.95021,0.91522,0.90635,0.8586,0.83261,0.77085,0.86543,0.79757,0.69374,0.56838,0.55986,0.47474,0.56781,0.44259,0.35577,0.32994,0.18579,0.12865,0.038835,-0.0095459,-0.03399,0.0054062,-0.2113,-0.13694,-0.28452,-0.32287,-0.30015,-0.46923,-0.55458,-0.62113,-0.61135,-0.63042,-0.67005,-0.7385,-0.78849,-0.87081,-0.85441,-0.95004,-0.92749,-0.98681,-0.98866,-0.96752,-0.93275,-1.0393,-1.1085
-1.0234,-1.0284,-1.0062,-0.98457,-0.92934,-1.0101,-0.84328,-0.90007,-0.82099,-0.77685,-0.83213,-0.78083,-0.77017,-0.68015,-0.695,-0.53497,-0.57476,-0.40605,-0.44204,-0.45159,-0.33515,-0.24129,-0.24607,-0.049874,-0.07211,-0.068383,0.12079,0.15262,0.21238,0.26832,0.28382,0.32533,0.42098,0.53678,0.5701,0.63665,0.72795,0.77333,0.74993,0.81804,0.83312,0.83612,0.88314,0.89434,0.92562,1.0199,0.9689,0.96022,1.0177,0.97516,0.96133,0.9345,0.97196,0.90198,0.90311,1.0033,0.91722,0.88982,0.8541,0.80273,0.74633,0.75754,0.77767,0.69811,0.60553,0.52275,0.5192,0.32856,0.44493,0.37031,0.28458,0.24249,0.15912,0.036377,6.5039e-005,0.055328,-0.033805,-0.079861,-0.21285,-0.20082,-0.40599,-0.41989,-0.33686,-0.57641,-0.60202,-0.63999,-0.66135,-0.68224,-0.76078,-0.76381,-0.76804,-0.89171,-0.92729,-0.80671,-1.0178,-1.0589,-0.95386,-0.91592,-0.90788,-0.93402
-0.95626,-0.96295,-1.0956,-0.98701,-1.0094,-1.0143,-0.86773,-0.89067,-0.85191,-0.91352,-0.80059,-0.72089,-0.65318,-0.7476,-0.65955,-0.59166,-0.54726,-0.54107,-0.45426,-0.47497,-0.32152,-0.2952,-0.11167,-0.15429,-0.15033,0.022789,0.032213,0.050522,0.088294,0.21296,0.33712,0.27164,0.36446,0.44255,0.53272,0.49003,0.64321,0.69991,0.56652,0.79179,0.72211,0.83198,0.84675,0.86619,0.97212,0.92527,0.97238,1.0396,0.9823,0.97549,1.0881,1.0268,1.0754,0.96389,0.84417,0.92629,0.9162,0.92164,0.85799,0.83168,0.7435,0.77666,0.75834,0.69171,0.67128,0.74134,0.56004,0.46608,0.4721,0.44022,0.43408,0.31762,0.27921,0.13513,0.12342,0.068866,-0.066955,-0.028916,-0.089529,-0.033909,-0.31636,-0.35051,-0.26849,-0.40276,-0.5,-0.50495,-0.52247,-0.64259,-0.58685,-0.72483,-0.82543,-0.73572,-0.81244,-0.8504,-0.89451,-0.83643,-0.87165,-0.89028,-1.043,-1.0455,-1.0097,-0.97832,-0.9649
-0.97627,-1.0039,-0.9362,-0.97654,-1.0521,-0.96491,-0.91707,-1.0047,-0.85324,-0.95802,-0.76832,-0.68273,-0.65462,-0.61183,-0.59426,-0.48517,-0.60555,-0.48582,-0.47115,-0.32325,-0.21723,-0.3218,-0.19453,-0.091517,-0.056856,-0.010458,0.074316,0.12878,0.062475,0.18906,0.2512,0.29095,0.39816,0.40896,0.54393,0.58646,0.61972,0.66538,0.66132,0.73149,0.86639,0.82651,0.87578,0.90139,0.90394,0.89671,0.9552,1.0058,0.93147,0.96165,0.98814,0.94544,0.95403,0.96022,0.98287,0.94514,0.87957,0.97057,0.92078,0.94339,0.91654,0.80549,0.81356,0.74448,0.66804,0.65103,0.52668,0.53673,0.46081,0.51749,0.40872,0.26031,0.33086,0.2392,0.11596,0.042025,0.028171,-0.071965,-0.049859,-0.06887,-0.3066,-0.32157,-0.30275,-0.39032,-0.41884,-0.52473,-0.50502,-0.55981,-0.53336,-0.66298,-0.74301,-0.8391,-0.77086,-0.83211,-0.94278,-0.86651,-1.0054,-0.94321,-0.94839,-0.98757,-1.0175,-0.94633,-1.0282
-0.98165,-1.0461,-0.90111,-1.0511,-1.0322,-0.97313,-1.0288,-0.90483,-0.93413,-0.89063,-0.74473,-0.80624,-0.82045,-0.75653,-0.70096,-0.715,-0.67036,-0.46949,-0.53009,-0.43523,-0.51551,-0.32794,-0.28915,-0.3035,-0.2546,-0.18168,-0.087296,-0.10631,0.024885,0.065583,0.13135,0.21045,0.21674,0.2461,0.29151,0.38279,0.47195,0.47932,0.62636,0.61817,0.55576,0.6719,0.70424,0.77039,0.79881,0.75632,0.84912,0.85765,0.73927,0.89675,0.93112,0.91149,1.0283,1.0187,0.94669,1.0172,0.943,1.1029,1.0163,1.02,1.0681,0.94816,0.97734,0.83126,0.86653,0.92071,0.76119,0.75495,0.77884,0.6679,0.71924,0.58185,0.68573,0.51634,0.54296,0.45738,0.41245,0.37704,0.35724,0.28731,0.1879,0.17706,0.091482,0.094529,-0.090995,-0.058405,-0.1545,-0.11378,-0.2316,-0.27283,-0.33999,-0.37436,-0.41623,-0.54951,-0.6242,-0.54382,-0.64224,-0.66779,-0.72138,-0.7634,-0.81027,-0.72245,-0.83326,-0.88987,-0.86952,-0.9541,-0.87545,-0.94728,-0.90658,-1.0015,-1.0563,-1.1237,-0.9826
-0.98117,-1.1321,-0.92751,-1.0281,-1.0278,-0.93884,-0.91232,-0.92509,-0.83639,-0.88188,-0.77537,-0.82675,-0.80794,-0.79188,-0.64829,-0.70604,-0.65327,-0.66007,-0.4804,-0.45702,-0.5426,-0.43757,-0.40965,-0.4427,-0.41191,-0.30795,-0.1924,-0.19168,-0.19493,-0.060968,-0.01163,-0.0019012,0.030188,0.10077,0.12333,0.22727,0.28971,0.25418,0.35274,0.424,0.43557,0.39603,0.50746,0.54289,0.55056,0.6974,0.6807,0.69932,0.67332,0.80085,0.84257,0.86358,0.88906,0.93642,0.89943,0.92081,0.97299,0.99243,0.99991,0.98846,1.0502,0.94627,0.97931,0.9747,0.93713,0.94747,0.91323,0.91063,0.88866,0.92039,0.84117,0.87129,0.86909,0.86058,0.78749,0.83672,0.73861,0.69309,0.61185,0.65719,0.60404,0.48538,0.54409,0.40611,0.40071,0.24584,0.34353,0.20626,0.1842,0.24794,0.12255,-0.032721,0.09392,-0.10444,-0.035343,-0.051958,-0.22485,-0.26702,-0.31103,-0.2555,-0.36669,-0.42372,-0.4528,-0.5045,-0.53326,-0.54096,-0.65483,-0.86085,-0.74663,-0.79108,-0.7825,-0.86206,-0.81659,-0.88513,-0.92698,-0.9308,-0.94214,-0.92023,-0.91758,-1.0263,-1.0024,-0.90071,-0.95038,-0.94283
-1.0209,-1.0835,-1.0456,-0.95264,-0.86968,-0.91416,-0.93991,-0.90013,-0.93317,-0.86748,-0.90468,-0.85123,-0.92296,-0.8454,-0.73642,-0.75928,-0.66544,-0.72353,-0.53452,-0.63796,-0.66919,-0.52298,-0.59494,-0.44785,-0.46652,-0.43221,-0.42364,-0.2836,-0.27205,-0.18376,-0.14106,-0.22439,-0.065863,-0.071684,0.026751,0.075604,0.16035,0.15202,0.12348,0.12983,0.30416,0.24038,0.3441,0.46474,0.43732,0.45283,0.56812,0.5564,0.53722,0.6721,0.55906,0.77117,0.60322,0.79368,0.80343,0.84016,0.83562,0.91564,0.86721,0.96393,0.89604,0.94252,0.98609,0.94171,1.039,0.89433,1.0672,1.0724,1.0159,1.0549,0.90985,0.98046,0.97409,0.94957,0.78263,0.90913,0.90082,0.95748,0.99278,0.83096,0.92931,0.87367,0.83342,0.77303,0.80132,0.81713,0.68343,0.68861,0.5743,0.56687,0.54312,0.50793,0.35303,0.40444,0.38737,0.36259,0.2342,0.1929,0.19293,0.21989,0.045003,0.0041031,0.11234,-0.10328,-0.19047,-0.17434,-0.17729,-0.26538,-0.28177,-0.3328,-0.36565,-0.47454,-0.41856,-0.43,-0.52452,-0.49385,-0.60795,-0.71382,-0.65697,-0.6893,-0.76895,-0.66783,-0.7962,-0.79319,-0.83337,-0.90995,-0.80393,-0.85537,-0.95685,-0.94261,-0.989,-0.89528,-1.0242,-1.0713,-0.96951,-0.98995,-1.0624
-0.99411,-0.92703,-0.95687,-0.89617,-1.0337,-0.95748,-0.94925,-0.82722,-0.82267,-0.86232,-0.7651,-0.69527,-0.64052,-0.57635,-0.5365,-0.43814,-0.43846,-0.37705,-0.17845,-0.23416,-0.097266,0.0021316,-0.10516,0.1056,0.1765,0.26787,0.33716,0.37121,0.4342,0.45527,0.54802,0.57572,0.67564,0.67163,0.74766,0.90385,0.78365,0.94449,1.0061,0.87727,1.008,0.98629,0.99307,0.94562,0.93923,0.96769,1.0237,0.96729,0.88862,0.91263,0.89315,0.88189,0.86928,0.77135,0.6747,0.62203,0.67001,0.56396,0.42482,0.48574,0.4268,0.31405,0.23039,0.12662,0.13928,-0.065313,-0.13906,-0.091047,-0.14548,-0.29161,-0.34053,-0.26842,-0.43489,-0.50177,-0.62512,-0.57332,-0.67819,-0.72774,-0.86004,-0.8278,-0.83678,-0.87675,-0.95814,-0.87275,-0.89942,-0.91057,-0.99447,-0.98707
-0.88164,-1.0586,-0.98128,-0.99137,-1.0161,-1.0275,-0.89614,-0.82868,-0.86557,-0.82706,-0.74105,-0.79779,-0.75578,-0.74529,-0.65274,-0.50474,-0.52497,-0.3711,-0.42834,-0.33043,-0.30217,-0.14347,-0.060686,-0.032818,0.07844,0.1174,0.18478,0.17213,0.23361,0.36051,0.45077,0.52466,0.54353,0.63657,0.61547,0.717,0.76511,0.76997,0.81028,0.87157,0.88817,0.96804,0.97512,1.0865,1.0468,1.1098,1.0364,1.0318,0.95604,0.99927,0.99374,1.0028,0.84067,0.93672,0.94544,0.87395,0.89328,0.82067,0.74928,0.65775,0.65934,0.7019,0.59642,0.51165,0.47946,0.40695,0.37797,0.34573,0.22023,0.093019,0.019988,0.080111,-0.059357,-0.15309,-0.20071,-0.2003,-0.35106,-0.41337,-0.44999,-0.42801,-0.49245,-0.69342,-0.629,-0.59054,-0.82463,-0.80498,-0.82521,-0.91997,-0.85894,-0.95177,-0.9205,-1.0584,-1.087,-1.087,-0.99855,-1.0065
-0.98795,-0.95522,-0.93607,-1.0059,-1.0571,-1.0043,-0.93932,-0.88666,-0.76619,-0.81962,-0.788,-0.7121,-0.78418,-0.65144,-0.57333,-0.53236,-0.50333,-0.52187,-0.32585,-0.38769,-0.2647,-0.17037,-0.15885,-0.072836,-0.015663,0.060238,0.24595,0.097837,0.2624,0.41024,0.37677,0.4363,0.45444,0.64733,0.72131,0.58089,0.80432,0.70533,0.74567,0.79289,0.91017,0.87714,0.82556,0.87717,0.97576,0.9079,1.1037,0.91607,1.0372,1.0315,1.0219,0.94659,0.91734,1.0301,0.91904,0.8708,0.76713,0.81891,0.77295,0.75598,0.68668,0.64244,0.63836,0.49228,0.41117,0.475,0.39156,0.32182,0.21022,0.18335,0.17549,0.11118,0.016639,-0.033981,-0.13296,-0.21642,-0.17137,-0.41149,-0.38512,-0.42415,-0.48861,-0.6016,-0.57462,-0.65178,-0.81802,-0.76353,-0.84418,-0.91465,-0.88143,-0.92047,-0.92264,-0.9652,-1.0573,-1.0095,-0.99856,-0.95066,-0.99588
0.013691,-1.2266,1.4386,0.072478,-0.80825,-2.7095,-0.77416,1.1602,-2.0452,-1.1514,-2.1216,-1.7179,0.76112,1.1621,0.16472,-3.057,2.023,-1.0087,-1.5341,-3.488,-2.1271,0.3353,1.1299,-0.4874,0.52045,1.3084,-3.8206,-0.53307,1.1701,-2.1388,-3.6997,-0.45805,1.0567,0.68666,-2.3148,-2.182,0.82471,-0.58045,-3.2723,2.2129,0.59674,-0.055704,-0.089833,0.060478,0.18614,0.19223,0.25687,0.35005,0.42685,0.35438,0.48851,0.68262,0.69142,0.68035,0.76383,0.80708,0.77868,0.87793,0.84775,0.82773,1.0401,0.87612,0.96588,1.0587,0.99031,0.98082,0.93526,1.0183,0.96965,0.93752,0.88801,0.90105,0.79203,0.70056,0.86082,0.67853,0.67674,0.54044,0.47637,0.46535,0.34248,0.24369,0.18987,0.11703,0.10612,0.043121
0.036195,-0.089444,-0.18747,-0.17983,-0.26066,-0.29373,-0.40488,-0.4292,-0.58062,-0.53987,-0.57112,-0.67094,-0.65957,-0.75154,-0.73308,-0.72123,-0.82468,-0.89602,-0.9756,-0.8921,-0.95423,-0.96662,-1.0113,-0.96045,-0.90837,-0.95116,-1.1154,-0.95699,-0.99882,-0.91857,-0.97044,-0.91571,-0.9912,-0.86498,-0.91949,-0.98596,-0.7486,-0.75344,-0.7388,-0.55075,-1.1587,1.9159,2.5067,-0.90342,2.5531,1.4487,-2.6494,-0.2434,-0.51949,-1.8952,-2.4518,1.3706,0.83977,-2.0999,0.11678,-0.52398,3.2,0.43672,0.37039,0.48754,0.55179,0.59183,0.78194,0.73418,0.75671,0.84153,0.8371,0.74612,0.94358,0.98119,0.88419,0.95825,0.96184,1.0346,1.0263,0.94236,0.9219,1.0448,0.98808,0.90023,0.98323,0.94481,0.97924,0.88,0.8438,0.82314,0.85724,0.70977,0.59287,0.64814,0.63,0.57083,0.52794,0.34254,0.41913,0.23584,0.19679,0.17521,0.11121,0.0023741,-0.08454
-0.070787,-0.1292,-0.079515,-0.16687,-0.17929,-0.28115,-0.34308,-0.38103,-0.43786,-0.54048,-0.5888,-0.63834,-0.63856,-0.67474,-0.74432,-0.74364,-0.22976,-1.2716,-0.78127,0.10419,-3.393,0.25994,-0.14883,-3.2177,-0.28412,1.7883,-3.7621,-3.3889,-2.5753,-1.5055,-2.3048,-2.5768,-0.33502,-0.17129,1.7446,-1.4719,-2.0283,-1.3374,-0.99134,-1.4014,-1.6208,0.35227,0.6031,1.8339,-2.6251,-2.5675,-1.4842,2.2492,0.73567,1.7684,1.0919,-2.5119,-2.8932,-1.2038,-1.7921,-0.8452,0.56212,2.784,-2.4825,0.40376,0.50303,0.54768,0.61529,0.66081,0.68413,0.74058,0.74231,0.69924,0.92057,0.8387,0.95241,0.9387,0.91056,0.95577,0.9946,0.96258,1.0577,1.0349,0.9651,1.0339,1.0186,0.87711,0.96246,0.9395,0.95949,0.84211,0.85933,0.74969,0.76817,0.76207,0.65599,0.65355,0.61518,0.57438,0.5161,0.53803,0.41842,0.37549,0.29193,0.19174,0.22753,0.13904,0.08281,0.018877
-0.033693,-0.080307,-0.10518,-0.2177,-0.19875,-0.25054,-0.37611,-0.34023,-0.4798,-0.49178,-0.62454,-0.62181,-0.62721,-0.78337,-0.68345,-0.93311,-0.80274,-0.97729,-0.89847,-0.97723,-0.90074,-0.93445,-1.0109,-1.1092,-1.0152,-0.92977,-1.0105,-0.95626,-1.0455,-0.96551,-0.93864,-0.89221,-0.93287,-0.91003,-0.77787,-0.93702,-0.81902,-0.75863,-0.66397,-0.5718,-0.49489,-0.55054,-0.42641,-0.37579,-0.37594,-0.33954,-0.27979,-0.24452,-0.12369,-0.055802,0.13398,0.10525,0.12185,0.23619,0.25664,0.2191,0.34904,0.50595,0.52155,0.62476,0.63643,0.67222,0.79036,0.71466,0.79744,0.74711,0.84275,0.96129,0.89246,0.9726,-0.11634,1.5939,1.9726,-0.59525,1.0169,-1.422,-0.92347,0.73786,-0.91919,-1.0901,1.1936,0.50913,2.7012,1.9877,-0.53,-1.6814,1.8226,-2.0255,-1.1385,0.65838,0.538,0.51451,0.37831,0.35452,0.36217,0.34295,0.11628,0.073301,0.010005,-0.03673
0.057601,-0.097696,-0.083746,-0.2218,-0.19654,-0.29674,-0.32302,-0.41138,-0.38532,-0.52183,-0.48819,-0.50554,-0.67223,-0.64699,-0.81012,-0.79758,-0.79802,-0.78375,-0.86137,-0.83798,-0.90791,-0.85409,-0.86561,-0.98735,-0.89102,-0.99429,-1.0434,-0.9247,-0.95654,-0.97305,-1.0541,-0.92992,-1.0207,-1.0455,-0.99028,-0.87246,-0.92832,-0.89619,-0.88596,-1.1507,-0.90655,0.64606,-2.7159,-0.11385,-1.8215,2.2419,1.3979,1.4756,-1.6461,-0.40765,-0.39461,-0.31966,-0.27035,-0.28815,-0.21274,-0.16061,-0.036653,-0.088208,0.066053,0.10018,0.086117,0.15535,0.29943,0.34937,0.44519,0.43036,0.39233,0.51438,0.53696,0.62744,0.72684,0.65508,0.71135,0.76954,0.8237,0.8857,0.78859,0.85504,0.90565,0.93999,0.98244,1.0552,1.0063,0.97567,0.98227,1.0348,1.0378,0.91493,1.0362,0.91393,0.94869,0.91456,0.99204,0.92499,0.93055,0.92321,0.82534,0.74963,0.76628,0.69191,0.75377,0.75333,0.62034,0.66655,0.58703,0.45478,0.42707,0.29547,0.23547,0.3524,0.25204,0.14885,0.17235,-0.04441,-0.0057049
0.015054,-0.031424,-0.15793,-0.25152,-0.26711,-0.26135,-0.39623,-0.4234,-0.62121,-0.47109,-0.6667,-0.71817,-0.76191,-0.84536,-0.84707,-0.80559,-0.88953,-0.93607,-0.92585,-0.96304,-1.0474,-0.94003,-0.99865,-1.0481,-1.0093,-0.96637,-1.0356,-0.96478,-1.0302,-0.95084,-2.4807,-2.2226,1.0908,0.079234,1.9878,2.2703,-0.71847,-0.60514,-0.35329,-3.2493,-0.58595,0.38317,-2.0263,-0.20975,-0.11881,-0.022778,-0.095793,0.060962,0.14315,0.25743,0.25193,0.26131,0.43959,0.51673,0.50841,0.62144,0.65765,0.67067,0.68282,0.72471,0.88564,0.86493,0.90401,0.95879,0.97064,0.9605,1.0261,1.0143,0.94364,0.95525,1.0209,0.99053,0.94768,0.91634,0.95296,0.94629,0.8727,0.80207,0.84556,0.69803,0.74903,0.75235,0.60017,0.60045,0.59829,0.42004,0.51577,0.4222,0.24297,0.091597,0.13075,0.093514,0.061828
0.047137,-0.054635,-1.7082,2.1068,-2.9454,-2.5236,0.87985,-0.51496,-1.1211,-0.16389,-0.79188,-1.3636,1.4505,-0.076413,-3.6245,-1.5925,-3.1383,-0.84736,-0.72061,-0.84008,-0.85971,-0.99183,-0.92852,-0.9845,-1.0004,-1.0024,-0.99338,-1.0562,-1.0233,-1.0516,-1.0498,-0.91009,-0.90163,-0.81413,-0.93828,-0.7761,-0.9347,-0.81326,-0.76683,-0.85453,-0.68584,-0.60332,-0.62121,-0.5211,-0.50653,-0.5089,-0.38007,-0.28846,-0.35415,-0.14539,-0.074585,-0.058347,-0.021385,0.060165,0.068541,0.22275,0.1672,0.23142,0.27091,0.41629,0.43501,0.56288,0.48588,0.5379,0.61312,0.72014,0.80568,0.80227,0.86263,0.86953,0.86105,0.92159,0.8858,0.89849,0.93466,1.0052,0.98689,1.001,1.0747,0.9985,0.94268,0.91156,0.95704,1.0861,0.9642,0.95816,0.86313,0.89027,0.84031,0.85341,0.73466,0.72444,0.67253,0.64366,0.59983,0.56692,0.48343,0.51025,0.43053,0.29633,0.28577,0.26628,0.27602,0.092069,0.078912,-0.066035
0.050979,-0.074897,-0.19633,-0.16114,-0.32717,-0.33361,-0.31282,-0.4386,-0.51139,-0.48466,-0.62176,-0.67086,-0.66532,-0.80746,-0.83006,-0.87434,-0.80671,-0.89742,-0.91457,-0.98943,-0.93259,-0.96727,-1.013,-0.97021,-1.0162,-1.0649,-0.99889,-0.9501,-0.93569,-0.8875,-0.92213,-0.92503,-0.83557,-0.89392,-0.76758,-0.65182,-0.59043,-0.64486,-0.60123,2.2007,1.1163,-0.40499,-0.37052,-0.25513,-0.14455,-0.16444,-0.061575,-0.0067277,0.01861,0.14619,0.30439,0.19463,0.24074,0.28441,0.45575,0.49094,0.59199,0.61148,0.73096,0.73645,0.7739,0.81451,0.85231,0.81834,0.88624,0.93746,0.93468,0.97481,0.91699,1.0087,1.0107,1.0379,1.02,0.92379,0.98123,0.96046,1.0351,0.92239,0.93396,0.7814,0.79269,0.71321,0.70253,0.70138,0.55864,0.4994,0.54347,0.44764,0.4058,0.31694,0.28513,0.20716,0.15095,0.0082436,-0.036567
0.051597,-0.061201,-0.11697,-0.31213,-0.26325,-0.37323,-0.35682,-0.42573,-0.35759,-0.55569,-0.57752,-0.65412,-0.60919,-0.68317,-0.79618,-0.81666,-0.81387,-0.92709,-0.91392,-0.89284,-0.9004,-1.0564,-1.0488,-0.98027,-1.0279,-0.92965,-0.93817,-1.008,-1.0656,-1.0115,-0.99286,-0.87747,-0.97222,-0.90093,-0.81292,-0.88985,-0.74986,-0.75603,-0.66401,-0.6099,-0.56864,-0.48979,-0.41999,-0.39982,-0.36452,-0.36041,-0.33817,-0.24832,-0.12379,-0.086874,-0.1083,0.10496,0.097289,0.20181,0.25908,0.18397,0.44612,0.40935,0.44312,0.58029,0.50111,0.56118,0.71063,0.76047,0.76258,0.79106,0.85178,0.89812,0.84536,0.45911,0.94268,0.95274,0.94926,0.94586,0.98458,0.95634,1.0544,0.99258,1.0028,0.97387,0.95487,0.88029,0.88288,0.96471,0.86603,0.81405,0.82135,0.78031,0.72042,0.66229,0.75532,0.61068,0.51098,0.53188,0.4339,0.39863,0.30129,0.21799,0.17181,0.038436,-0.043348,0.067668
0.054573,-0.057208,-0.31883,-0.16886,-0.1746,-0.22626,-0.31534,-0.34187,-0.35953,-0.41991,-0.3824,-0.53426,-0.56646,-0.6502,-0.66987,-0.73372,-0.67878,-0.82495,-0.87306,-0.81875,-0.92,-0.87427,-0.9563,-0.86015,-1.0422,-0.96852,-0.92153,-0.97466,-0.9694,-1.0327,-1.0371,-0.95592,-1.0397,-1.0165,-0.97278,-1.0182,-0.93766,-0.94283,-3.8454,0.54829,0.45327,-2.1625,1.6972,-0.22982,-1.0647,-0.38984,-1.8911,-2.1524,-0.096337,-1.9499,0.22654,0.90222,1.2314,-2.0479,2.2061,-0.12841,-1.3079,-1.4102,-2.9764,0.71019,2.5569,1.5171,-2.3214,0.0009529,2.9849,-1.3865,1.4011,3.2527,-0.063753,0.073458,-1.6293,0.75403,3.5365,1.1461,0.4789,0.5905,-2.0577,-0.60505,0.2898,1.5905,2.78,0.85885,0.88922,1.0322,1.066,0.94185,0.97849,0.90071,1.0355,0.97305,0.94418,0.98607,1.0895,0.92367,0.98252,0.97657,0.90624,0.86914,0.83415,0.84995,0.75883,0.75277,0.76247,0.61891,0.64102,0.57194,0.50874,0.49851,0.44837,0.43398,0.33824,0.35713,0.29079,0.19543,0.2164,0.08539,0.09082,0.045575
